comment_id,episode,scene_id,confidence
hxik3bc,2,4,high
hxj1c1c,2,5,medium
hxj60m2,2,1,high
hxj60m2,2,2,high
hxjih1p,2,1,medium
hxjke2v,2,4,high
hxjkxoe,2,4,high
hxjm3ow,2,3,high
hxjnd1v,2,4,medium
hxjodqi,2,5,high
hxjqs2l,2,3,high
hxk10pm,2,1,high
hxk10pm,2,4,medium
hxljm1l,2,2,high
hxlq17e,2,2,high
hxlqls0,2,4,high
hxm0le5,2,2,high
hxmj37t,2,2,high
hxn8ui2,2,5,medium
hxnefud,2,2,high
hxnh1ly,2,3,high
hxoac5c,2,2,high
hxoagq9,2,1,medium
hxoangg,2,1,high
hxoaw01,2,4,high
hxob8y7,2,5,high
hxof5m0,2,2,high
hxorw6o,2,4,high
hxorw6o,2,5,high
hxoulb3,2,1,high
hxox42p,2,3,high
hxoxcol,2,2,high
hxpuskb,2,4,high
hxpxi6a,2,2,high
hxqnz1d,2,2,high
hxqsw27,2,1,high
hxqsw27,2,5,medium
hxqw639,2,5,high
hxrhtf1,2,4,medium
hxrm4sr,2,1,medium
hxs12eh,2,2,high
hxs22c0,2,3,medium
hxs2otq,2,5,high
hxsajrf,2,2,medium
hxsebvg,2,4,medium
hxsebvg,2,3,high
hxsfcpl,2,2,high
hxsj0q1,2,4,high
hxtcxlq,2,2,high
hxtde63,2,2,high
hxte9wu,2,1,medium
hxtsk0j,2,1,medium
hxtt65j,2,3,high
hxtt65j,2,1,medium
hxuoixm,2,2,high
hxupkvk,2,2,high
hxuq5k9,2,1,high
hxurqt2,2,1,medium
hxvhu5i,2,2,high
hxvsiyi,2,1,medium
hxvva3p,2,2,high
hxvxox3,2,5,high
hxw0c1j,2,2,high
hxw0ffg,2,2,high
hxw69q7,2,3,high
hxw9un2,2,2,high
hxwaq5r,2,5,medium
hxxcx8q,2,3,high
hxxgn3o,2,2,high
hxy0w0p,2,2,high
hy054d9,2,3,high
hy09ou4,2,2,high
hy0q2kn,2,3,high
hy0r9o5,2,4,medium
hy244pp,2,1,medium
hy25d39,2,3,high
hy3ajip,2,4,medium
hy3eytk,2,4,high
hy3ouww,2,2,high
hy3spqk,2,2,high
hy4h494,2,2,high
hy5932s,2,4,medium
hy59dqi,2,2,high
hy5as35,2,4,medium
hy5fija,2,2,high
hy5gsky,2,5,medium
hy5i5nb,2,3,high
hy5ipj9,2,2,high
hy5j0tv,2,2,high
hy5p0zx,2,4,high
hy5qhzn,2,2,high
hy5rhxd,2,5,medium
hy71azs,2,2,high
hy771oq,2,2,high
hy7mc9g,2,5,high
hy7o35k,2,2,high
hy7oiad,2,2,high
hy7pc7e,2,5,high
hy7t2js,2,2,high
hyl9b6l,2,5,high
hym7c1z,2,2,high
hypcebz,2,3,high
i51uz9h,2,4,medium
i5ice92,2,3,high
i5iorep,2,2,high
i7dpjml,2,2,high
i87or1p,2,2,high
if14gtm,2,2,high
imh14eb,2,2,high
ip5rttt,2,2,high
ipxjv0k,2,5,high
it1qgt7,2,2,high
iubf1xi,2,2,high
iubfr1z,2,2,high
hyc22ol,3,2,high
hyc2krq,3,2,high
hyc2krq,3,1,high
hyc43yf,3,1,medium
hyc43yf,3,3,medium
hyc46wf,3,4,high
hyc53bv,3,1,high
hyc57fz,3,5,high
hyc79uw,3,1,high
hyc8csr,3,3,high
hyc8zv1,3,1,high
hycaa24,3,2,high
hycdbuy,3,2,high
hycdhh1,3,2,high
hyce24o,3,2,high
hycexlq,3,3,medium
hycfeg4,3,3,high
hyciifu,3,2,high
hyclio0,3,4,high
hycmrqq,3,4,medium
hycmrwe,3,5,high
hycpuxy,3,4,medium
hycq4l5,3,5,medium
hycqw7b,3,2,high
hycs7ge,3,3,high
hycu2x7,3,2,high
hycu2x7,3,3,medium
hycu3r0,3,2,high
hycub1q,3,2,high
hycwh26,3,3,medium
hycxhbd,3,2,high
hycycka,3,2,high
hyd1z71,3,1,high
hyd303u,3,2,high
hyd38rx,3,2,high
hyd3qcc,3,3,high
hyd6sdr,3,5,medium
hyde6us,3,4,medium
hydekct,3,2,high
hydgjga,3,1,high
hydpmfi,3,2,high
hye0bar,3,4,medium
hye1inx,3,2,high
hye3iof,3,2,high
hye4l7k,3,3,high
hye5r9h,3,2,high
hye6a9b,3,3,high
hyehqcd,3,1,high
hyejd27,3,2,high
hyemlf2,3,1,high
hyeoyfq,3,2,high
hyepfjg,3,3,high
hyeva3q,3,2,high
hyf01pe,3,2,high
hyf05xt,3,2,high
hyf2fbu,3,3,medium
hyf2fbu,3,4,medium
hyf2mup,3,1,high
hyf3gnr,3,2,high
hyf7ryi,3,2,high
hyf8asu,3,3,high
hyf9xe3,3,2,high
hyfa3uu,3,2,high
hyfe609,3,3,high
hyfydui,3,2,high
hyg05f9,3,4,high
hyg2ela,3,4,medium
hyg4zai,3,2,high
hyg88aw,3,5,high
hygetlg,3,2,high
hygetlg,3,3,high
hyggi69,3,2,high
hygi0e6,3,1,high
hygpsyq,3,3,high
hygrpr6,3,2,high
hygsilo,3,3,high
hygtixn,3,2,high
hygx7bw,3,2,high
hyh0r3c,3,2,high
hyh118y,3,3,high
hyh118y,3,4,medium
hyh1t81,3,3,high
hyh310n,3,2,high
hyh34ey,3,2,high
hyh38wy,3,2,high
hyh4ar9,3,2,high
hyh6ubg,3,2,high
hyhco3k,3,3,high
hyhdjkp,3,5,high
hyhj1kp,3,2,high
hyhnm1z,3,2,high
hyhqhor,3,3,medium
hyhs548,3,2,high
hyhs8yk,3,3,high
hyhsm48,3,2,high
hyhswu5,3,2,high
hyht0lg,3,3,high
hyhuct3,3,1,medium
hyhyzfj,3,2,high
hyhzkwr,3,2,high
hyi3ret,3,2,high
hyi4ek2,3,2,high
hyibjvr,3,2,high
hyij4ge,3,3,medium
hyiu5c6,3,4,high
hyiukef,3,3,high
hyixfn7,3,2,high
hyj6tn2,3,2,high
hyj88ck,3,3,high
hyjfx8b,3,4,medium
hyjmxr7,3,5,medium
hyjndpt,3,2,high
hyjwgas,3,2,high
hyk45y8,3,3,high
hyk71en,3,2,high
hykaa9q,3,1,high
hykddj1,3,1,high
hykfnzl,3,2,high
hykg5rc,3,2,high
hyki31y,3,2,high
hykpgcv,3,3,medium
hykwyvu,3,1,high
hykzwc0,3,2,high
hyl70hh,3,3,high
hyldhfp,3,3,high
hyldifo,3,1,high
hyldifo,3,2,high
hyll5m2,3,4,medium
hymqt6j,3,2,high
hyn7avq,3,2,high
hynwu36,3,2,high
hynxj2w,3,4,medium
hypo4o1,3,2,high
hyq8xi6,3,2,high
hyqq569,3,3,medium
hyqy67t,3,1,high
hyrf5fs,3,1,high
hyrzo4k,3,2,high
hysczu4,3,2,high
hyski48,3,2,high
hytivso,3,1,high
hytmpj6,3,1,high
hyu2s9u,3,2,high
hyuc2vn,3,2,high
hyv0i9z,3,2,high
hyvg9qm,3,4,medium
hyw7iq4,3,3,high
hyxalah,3,3,high
hyxnmtj,3,5,high
hz04kvm,3,2,high
hz16jiv,3,2,high
hz19v0z,3,3,medium
hz1mgck,3,1,high
hz29k3p,3,4,medium
hz2ar0j,3,2,high
hz2cawl,3,2,high
hz2f964,3,2,high
hz2t6cw,3,2,high
hz37jhu,3,2,high
hz48ecg,3,3,high
hz6lily,3,2,high
hz6mtm6,3,3,high
hz78y6l,3,4,medium
hz79hzr,3,2,high
hz8e34v,3,3,medium
hz8hjjk,3,4,medium
hz8m2pe,3,3,medium
hz9x66y,3,2,high
hzkj87d,3,2,high
i003i4j,3,4,medium
i0y8x14,3,2,high
i0yf6di,3,4,high
i17920k,3,3,high
i3zdqg1,3,4,medium
i45owme,3,3,high
i46kdil,3,2,high
i4l7hn7,3,3,high
i5hd9gf,3,3,high
i5nkczg,3,3,medium
i7gxgcx,3,1,high
i7peiiu,3,5,medium
i7ugew1,3,2,high
i8bg0t3,3,4,medium
ib53ovw,3,2,high
ibklk2l,3,2,high
icndana,3,2,high
il2v25f,3,1,high
ipair6p,3,3,high
ipc6zjh,3,2,high
hz9pznd,4,2,high
hz9rxsm,4,2,high
hz9rxsm,4,4,high
hz9s1p7,4,1,high
hz9tf8x,4,2,high
hz9wmyk,4,4,high
hz9woxh,4,1,high
hz9x9b3,4,2,high
hz9xd88,4,1,high
hz9xika,4,3,high
hz9xizo,4,2,high
hz9yzul,4,2,high
hza0fjg,4,4,medium
hza0xfv,4,2,high
hza13t9,4,4,medium
hza2w5y,4,2,high
hza4ub6,4,3,high
hza6936,4,1,high
hza6osz,4,2,high
hza6r1w,4,2,high
hza8s54,4,2,high
hza91xf,4,2,high
hza92je,4,3,medium
hza9em3,4,2,high
hza9j3t,4,1,high
hza9swv,4,1,high
hza9yw0,4,2,high
hzaa2vn,4,2,high
hzaa47d,4,3,high
hzaactq,4,1,high
hzaatzb,4,1,high
hzab4tw,4,4,high
hzabd5o,4,1,high
hzabh3v,4,1,medium
hzabi58,4,2,high
hzac993,4,3,high
hzacqjf,4,2,high
hzacufe,4,4,medium
hzad4pg,4,3,medium
hzadohk,4,1,high
hzaea0o,4,2,high
hzafo6i,4,2,high
hzag38g,4,2,high
hzaggqn,4,2,high
hzaglr5,4,4,medium
hzagui8,4,3,high
hzaipfe,4,4,high
hzaj1rb,4,2,high
hzajeoa,4,2,high
hzajhn7,4,3,high
hzajkb6,4,2,high
hzajnmr,4,3,medium
hzakd29,4,4,high
hzakkla,4,4,high
hzakzkq,4,4,medium
hzall94,4,4,high
hzamz8s,4,3,high
hzamz8s,4,2,high
hzaoj81,4,1,medium
hzap2tz,4,1,high
hzapels,4,3,high
hzaqqzc,4,2,high
hzaswfw,4,4,high
hzaxju6,4,2,high
hzaz7nw,4,2,high
hzb1vi0,4,4,high
hzb3tc7,4,4,medium
hzb79kz,4,3,high
hzb822s,4,1,high
hzb8gwd,4,3,high
hzb9lz2,4,3,high
hzb9lz2,4,4,high
hzbaco3,4,4,high
hzbhfv2,4,2,high
hzbiyvc,4,1,medium
hzblh3i,4,2,high
hzbmihz,4,1,high
hzbnw4z,4,3,high
hzbot2b,4,2,high
hzbphng,4,2,high
hzbpk64,4,4,high
hzbyu6l,4,2,high
hzbz85y,4,2,high
hzc6heq,4,2,medium
hzc757t,4,3,high
hzc9k21,4,3,medium
hzc9ypy,4,3,high
hzcf1jb,4,2,high
hzcg68n,4,4,high
hzcjmjv,4,2,high
hzck1ds,4,4,high
hzcluon,4,2,high
hzcmudo,4,2,high
hzcn9le,4,3,high
hzcooc4,4,2,high
hzcork9,4,2,high
hzcov7v,4,3,high
hzcp6fg,4,3,medium
hzcp9yp,4,3,high
hzcptqe,4,3,high
hzcq0cn,4,3,high
hzcqk6u,4,4,medium
hzcusjh,4,4,high
hzcwc3r,4,4,high
hzcwlu9,4,4,high
hzcxivj,4,2,high
hzcyk4i,4,2,high
hzd18a9,4,4,high
hzd1i7c,4,4,high
hzd45jz,4,4,high
hzd4w07,4,4,high
hzdb520,4,2,high
hzdhbpx,4,4,medium
hzdj7jq,4,3,medium
hzdjajl,4,2,high
hzdlkbl,4,3,high
hzdn8cw,4,3,high
hzdnno1,4,2,high
hzdpozf,4,2,high
hzdqhf5,4,1,high
hzdqrfe,4,4,high
hzdrf3z,4,1,high
hzdrg0b,4,3,high
hzdzzqf,4,3,high
hze47fj,4,1,high
hze7t3a,4,4,medium
hzedyzi,4,2,high
hzeleiv,4,2,high
hzeo155,4,4,high
hzepq95,4,3,high
hzeqwj3,4,3,medium
hzerrg5,4,1,medium
hzexmjw,4,1,high
hzf2oft,4,4,medium
hzf34lx,4,2,high
hzf5aok,4,3,high
hzf7zce,4,4,high
hzfgeqa,4,3,medium
hzfgj0v,4,3,high
hzfh4xn,4,1,high
hzfm593,4,1,medium
hzfmkz6,4,1,high
hzfnfl0,4,2,high
hzfqu8q,4,3,high
hzfvwoh,4,1,high
hzg1rks,4,4,medium
hzg3d8f,4,2,high
hzg6f0g,4,3,high
hzg9zlj,4,3,high
hzgbul3,4,2,high
hzgelhm,4,3,high
hzgfgku,4,2,high
hzgipdc,4,2,high
hzgk0dz,4,2,high
hzgl9je,4,3,medium
hzgmb60,4,2,high
hzgohoq,4,3,medium
hzgrc61,4,2,high
hzhlztf,4,1,medium
hzhxgk9,4,3,high
hzi3bdl,4,1,high
hziauhz,4,4,medium
hzilaj5,4,2,high
hziufzg,4,4,high
hziv318,4,2,high
hzj3sb0,4,3,high
hzj4k6f,4,2,high
hzj5nw3,4,2,high
hzj5nw3,4,1,medium
hzj6n3z,4,4,high
hzj6ve7,4,2,high
hzj88ul,4,1,medium
hzj8ef2,4,2,high
hzja7np,4,4,high
hzjbf2k,4,3,high
hzjbmwv,4,4,high
hzjco2l,4,3,high
hzjfaz2,4,2,high
hzjmq77,4,3,high
hzjoby1,4,2,high
hzjozfe,4,3,high
hzjozfe,4,2,high
hzjozfe,4,4,medium
hzjpgv6,4,4,high
hzkexr4,4,4,medium
hzkhnxp,4,2,high
hzkp5p3,4,1,high
hzkwx0v,4,1,medium
hzleo8h,4,3,high
hzljw8m,4,2,high
hzlwim3,4,4,high
hzmbpjh,4,1,high
hzods16,4,1,medium
hzods16,4,4,medium
hzokrch,4,1,high
hzokrch,4,3,high
hzolsmj,4,1,high
hzon0za,4,4,high
hzotx0b,4,4,high
hzou8bw,4,3,high
hzpfxiv,4,2,high
hzr68v7,4,1,high
hzr68v7,4,4,high
hzrrc36,4,3,medium
hzt7iz7,4,3,high
hzt7pt1,4,4,high
hzty2fk,4,3,medium
hzvg0md,4,4,medium
hzxdpaw,4,2,high
hzzaclz,4,3,high
i00bzmx,4,4,high
i00ecqa,4,2,high
i00jyqr,4,1,medium
i00krpe,4,2,high
i05fmqe,4,2,high
i06h5x6,4,3,medium
i07i9rx,4,2,high
i07jb1b,4,4,medium
i07kdkj,4,2,high
i0rqxi1,4,2,high
i1yuuo0,4,1,high
i1yuuo0,4,3,high
i26ngau,4,2,high
i2t6ujq,4,2,high
i2t6ujq,4,3,high
i384qtt,4,2,high
i3b2s21,4,3,high
i3dkxid,4,4,high
i5n55qe,4,3,high
i5n681d,4,4,high
i6jhkxo,4,4,high
i71eema,4,2,high
i7dxgwx,4,1,high
i80w74v,4,2,high
i8de6jz,4,1,high
ih6ewpe,4,1,high
ihf5tht,4,1,medium
il81r7w,4,1,high
imtxas0,4,4,high
iodf48z,4,2,high
iodf48z,4,3,medium
i06ubje,5,2,high
i06uwy0,5,2,high
i06x5x9,5,1,high
i06yi4x,5,1,high
i06z39j,5,3,high
i06z9be,5,3,high
i06zhr1,5,3,medium
i06zz8b,5,3,high
i0706ug,5,3,medium
i0709f8,5,4,high
i070cgl,5,4,high
i070nnk,5,2,high
i070xur,5,1,high
i071abo,5,2,high
i071c2b,5,2,high
i071mcy,5,2,high
i071tdk,5,1,medium
i071tdk,5,3,medium
i072jkz,5,3,high
i072kty,5,4,high
i072qdm,5,1,high
i072umx,5,2,high
i073a30,5,1,high
i073nwj,5,1,high
i073t8j,5,4,high
i073xd9,5,3,high
i074a0m,5,1,high
i074wvw,5,2,high
i0772xy,5,3,medium
i077tdz,5,2,high
i077tt7,5,3,medium
i078d7u,5,1,medium
i078hxu,5,4,medium
i078tkx,5,3,medium
i0796ur,5,3,high
i079n64,5,2,high
i079uj8,5,3,high
i07afko,5,4,high
i07bvx3,5,3,high
i07c2kw,5,2,high
i07cmx4,5,2,high
i07cpde,5,4,high
i07cwuv,5,3,high
i07dupt,5,2,high
i07fuqz,5,2,high
i07g15d,5,1,high
i07g15d,5,2,high
i07gpvh,5,2,high
i07hq8r,5,3,high
i07i02n,5,3,medium
i07idbd,5,1,high
i07k9bh,5,3,high
i07k9fu,5,2,high
i07kkwf,5,3,medium
i07ldcn,5,2,high
i07lqhq,5,3,high
i07lqhq,5,4,medium
i07lyn2,5,4,high
i07m4hj,5,2,high
i07mw24,5,2,high
i07nhsm,5,4,high
i07oxom,5,2,high
i07pmep,5,2,high
i07rkk1,5,4,high
i07vfyd,5,3,high
i07w140,5,2,high
i07w5hj,5,3,high
i07yk9n,5,2,high
i081mb9,5,3,high
i082kgk,5,1,high
i0841br,5,4,high
i0862iz,5,4,high
i0862xt,5,4,high
i0881tx,5,2,high
i08b68l,5,2,high
i08bfi5,5,2,high
i08e14y,5,3,medium
i08e14y,5,4,medium
i08egmz,5,2,high
i08epzc,5,3,high
i08fjk0,5,3,high
i08fr9e,5,2,high
i08i697,5,2,high
i08n0fz,5,4,high
i08oem5,5,2,high
i08qx8t,5,1,high
i08s63r,5,1,high
i08sewo,5,2,high
i08tsl4,5,4,medium
i08uk48,5,2,high
i08uzp7,5,2,high
i0922r3,5,1,medium
i096m7j,5,2,high
i097d6v,5,2,high
i097zz0,5,2,high
i098d09,5,2,high
i098ytg,5,1,high
i098zfs,5,4,high
i099oe4,5,3,high
i09bcv7,5,4,high
i09blcl,5,3,medium
i09byzv,5,4,medium
i09cb6m,5,3,high
i09ctpk,5,2,high
i09dmbk,5,2,high
i09g1zr,5,1,high
i09h9dt,5,4,medium
i09j1e2,5,2,high
i09n2nl,5,4,high
i09n3i5,5,4,high
i09oqkw,5,3,high
i09pt7w,5,2,high
i09q0f1,5,2,high
i09suyh,5,2,high
i09tj9b,5,4,high
i09tmzb,5,3,high
i09tmzb,5,4,high
i0a0tgz,5,2,high
i0a2jn4,5,2,high
i0a31xo,5,1,high
i0a5nvx,5,2,high
i0a6q3w,5,2,high
i0a9x3o,5,2,high
i0adrsj,5,1,high
i0aezji,5,2,high
i0afr7k,5,1,medium
i0am55f,5,2,high
i0apvyo,5,3,high
i0asuca,5,1,high
i0at23z,5,2,high
i0ax7f5,5,1,medium
i0b1d4d,5,2,medium
i0b61tf,5,2,high
i0b66oh,5,2,high
i0b75md,5,2,high
i0b7bgo,5,2,high
i0b7nzq,5,2,high
i0ba69k,5,4,high
i0bdzv5,5,1,high
i0bfmr3,5,2,high
i0bfogp,5,4,high
i0bh4ve,5,1,high
i0bja4s,5,4,medium
i0bjm7l,5,4,medium
i0bjtka,5,2,high
i0bo7tk,5,4,high
i0brn18,5,2,high
i0brn18,5,3,high
i0bs4e8,5,3,medium
i0bxrna,5,1,high
i0bxu37,5,4,medium
i0bys6l,5,3,high
i0c27la,5,4,high
i0c7jez,5,2,high
i0c8kid,5,4,medium
i0ca8up,5,2,high
i0cc8da,5,2,medium
i0cemmy,5,1,high
i0cgfv8,5,1,high
i0cnqre,5,1,high
i0cvkjq,5,1,high
i0d6cdg,5,2,high
i0dd43g,5,4,high
i0dfbzy,5,2,high
i0dfbzy,5,3,high
i0dkpgb,5,4,high
i0dmzga,5,3,high
i0dql84,5,2,high
i0dxo6a,5,2,high
i0e3wtj,5,1,high
i0e6763,5,2,high
i0e6oxo,5,1,medium
i0e7s8b,5,2,high
i0eni6k,5,1,high
i0esho7,5,2,high
i0esxfp,5,3,medium
i0fa9p5,5,2,high
i0fcw79,5,4,medium
i0fh1rx,5,2,high
i0fhs1y,5,1,high
i0fi3x8,5,4,high
i0flfk6,5,2,high
i0fmstg,5,2,high
i0ft7jw,5,2,high
i0fusyl,5,2,high
i0g7qnu,5,3,high
i0glwog,5,3,high
i0gzaiz,5,2,high
i0hmwh0,5,4,high
i0hnu3w,5,3,high
i0j8erd,5,2,high
i0jc18p,5,4,high
i0k1n6i,5,2,high
i0lhsed,5,1,high
i0llv7x,5,4,medium
i0mnwzq,5,2,high
i0npr13,5,4,high
i0o1oxq,5,4,high
i0p9kus,5,2,high
i0pwdsq,5,3,medium
i0q0jqk,5,3,high
i0q6bng,5,1,high
i0qrx2e,5,2,medium
i0s9vfx,5,2,high
i0trbtf,5,1,high
i0u2a03,5,3,medium
i0utegy,5,1,high
i0uuh51,5,2,high
i0vg9zr,5,1,high
i0wa0gx,5,4,high
i0wv5f5,5,2,high
i0xv4l4,5,4,high
i0y5lqn,5,4,high
i0ziu1g,5,1,high
i0zoic1,5,4,high
i0zvwju,5,1,high
i11x6cl,5,2,high
i12xd2i,5,2,high
i2yw43t,5,2,high
i4nnzwh,5,4,high
i5k8q63,5,2,high
i8c71mu,5,2,high
i8psfo7,5,3,high
ibvw1rx,5,2,high
iekufg6,5,2,high
ihofk1i,5,2,high
ipufhw6,5,2,high
j1vhvkb,5,2,high
i13g910,6,2,high
i13kcrs,6,2,high
i13kgbl,6,4,medium
i13lbfv,6,1,high
i13lm4g,6,1,high
i13moxe,6,2,high
i13mp2n,6,1,high
i13msvf,6,1,high
i13n2w3,6,1,high
i13n8ky,6,1,high
i13nbmk,6,1,high
i13nes8,6,1,high
i13ni86,6,2,high
i13nj4n,6,3,medium
i13nq5y,6,3,high
i13o61o,6,2,high
i13p9s5,6,1,high
i13qkm2,6,4,high
i13qp62,6,2,high
i13rdjx,6,4,medium
i13ru1z,6,2,high
i13s19j,6,1,high
i13s5wq,6,2,high
i13sjet,6,1,high
i13st6v,6,1,high
i13t3im,6,3,high
i13tqsz,6,2,high
i13uyr6,6,1,high
i13vu11,6,1,high
i13w2ic,6,4,high
i13w5cp,6,2,high
i13w6ti,6,3,high
i13wanb,6,4,high
i13wc8k,6,2,medium
i13wf9l,6,2,high
i13whmx,6,4,medium
i13wlxv,6,1,high
i13wngi,6,1,medium
i13wofm,6,2,high
i13wqzs,6,1,high
i13ws09,6,2,high
i13x88x,6,1,high
i13xbat,6,2,high
i13xic4,6,3,high
i13xqyq,6,2,high
i13y5u4,6,1,high
i13ybxq,6,2,high
i13yh4l,6,1,high
i13yhe4,6,4,high
i13z3uk,6,4,medium
i13z83t,6,2,high
i13zcmm,6,1,high
i13zmcw,6,2,high
i1400lo,6,4,high
i140lc7,6,2,high
i141910,6,2,high
i1419gg,6,4,high
i141nsa,6,2,high
i142dwm,6,4,medium
i142iu8,6,3,high
i142mav,6,2,high
i142xr8,6,1,high
i143ivt,6,2,high
i1440uc,6,4,medium
i144jtb,6,3,high
i1458yh,6,3,medium
i145fkr,6,2,high
i145ha1,6,3,high
i145s96,6,1,high
i145wj0,6,2,high
i145zzg,6,1,high
i14638i,6,1,high
i1466h4,6,3,high
i1466h4,6,1,high
i146ehp,6,1,high
i146iur,6,2,high
i146yrc,6,4,medium
i147bfp,6,3,medium
i147byt,6,2,high
i147rck,6,2,high
i1490x0,6,4,medium
i14971h,6,1,high
i149ae1,6,2,high
i149h7t,6,1,high
i149lc1,6,1,high
i14a263,6,2,high
i14a58d,6,2,high
i14aiz0,6,1,high
i14awro,6,2,high
i14b7h3,6,2,high
i14b7h3,6,3,medium
i14byyy,6,2,medium
i14c81r,6,2,high
i14crqi,6,2,high
i14d975,6,2,high
i14dypv,6,1,high
i14g0lv,6,1,high
i14gecb,6,2,high
i14gnsk,6,3,high
i14gnsl,6,1,high
i14h1yq,6,1,medium
i14hvbf,6,1,high
i14j82w,6,1,high
i14jqdu,6,4,high
i14lpcx,6,1,high
i14mirq,6,1,high
i14ozee,6,3,medium
i14ozee,6,1,medium
i14p2ru,6,2,high
i14pgkf,6,4,medium
i14qldi,6,1,high
i14qu19,6,1,high
i14qu19,6,3,high
i14r2v9,6,2,high
i14reri,6,1,high
i14rqby,6,3,high
i14uh8g,6,2,medium
i152pdb,6,3,high
i1538c1,6,1,high
i153iz1,6,2,high
i1540u6,6,2,medium
i154cn1,6,1,medium
i158gz6,6,1,high
i1595a1,6,2,high
i159tjv,6,1,high
i15bir1,6,1,high
i15byew,6,4,medium
i15cpqh,6,4,high
i15d5s9,6,2,high
i15fcgb,6,2,high
i15g7t4,6,4,high
i15hfph,6,1,high
i15jbqd,6,1,high
i15jshv,6,4,high
i15jtkt,6,4,high
i15k7pv,6,1,high
i15k9ye,6,4,high
i15kdeq,6,2,high
i15kp8e,6,2,high
i15mgpq,6,3,medium
i15nkgz,6,4,medium
i15q22v,6,4,high
i15qejp,6,1,high
i15qejp,6,2,high
i15qejp,6,3,high
i15rul2,6,1,high
i15sq6c,6,1,high
i15suaw,6,2,high
i15svye,6,1,high
i15sz7j,6,1,high
i15tj4t,6,2,high
i15tmzb,6,1,high
i15vgfl,6,2,high
i15w8fh,6,2,high
i15xzce,6,1,high
i15y93j,6,4,high
i15ynuy,6,1,high
i15ynuy,6,4,high
i15zutx,6,3,high
i1614lo,6,1,high
i161a1e,6,2,high
i161gdm,6,1,high
i164h0i,6,2,high
i165uit,6,2,high
i165yt7,6,4,medium
i166p7d,6,2,high
i167isf,6,4,high
i16800q,6,1,high
i16ab7s,6,2,high
i16c1ks,6,2,high
i16di9i,6,2,high
i16fzjy,6,2,high
i16j2ly,6,1,high
i16r8f2,6,1,high
i16wvjk,6,1,medium
i16x0ja,6,2,high
i16yh24,6,3,medium
i17087c,6,2,high
i173mre,6,4,medium
i174j88,6,2,high
i174myg,6,2,high
i176x7l,6,3,high
i176yvt,6,1,high
i176yvt,6,2,high
i177x6f,6,4,high
i178nws,6,2,high
i17is3x,6,2,high
i17j9gy,6,2,high
i17lk24,6,2,high
i17mydt,6,1,high
i17p6gb,6,2,high
i17ptha,6,2,high
i17qwht,6,1,high
i17tpyc,6,3,high
i17tpyc,6,1,medium
i17z4nb,6,1,high
i180vbh,6,1,high
i181sfy,6,1,high
i184dj2,6,4,medium
i1854ja,6,4,medium
i185kw2,6,1,medium
i185omm,6,1,high
i187gc8,6,1,high
i18cfdr,6,4,high
i18ef76,6,1,high
i18jags,6,2,high
i18lffk,6,2,high
i18o4z2,6,2,high
i18px4g,6,2,high
i18q295,6,2,high
i18w9bh,6,2,high
i18ykjv,6,4,medium
i18z13f,6,2,high
i190s69,6,1,high
i1915jr,6,2,high
i191a43,6,4,medium
i193vec,6,1,high
i1983t2,6,2,high
i1992z9,6,2,high
i19kw31,6,2,medium
i19lgi7,6,1,high
i19nxy0,6,2,high
i19o2oz,6,2,high
i19ol5m,6,3,high
i19oqf7,6,1,high
i19sqp6,6,4,high
i19t6wb,6,2,high
i19tomr,6,2,high
i19u6k4,6,1,high
i19v2o2,6,2,high
i19v6lb,6,1,high
i19vwn5,6,2,high
i1a26u1,6,1,high
i1a2b9m,6,1,high
i1a2kby,6,1,high
i1a4j0a,6,4,medium
i1a5qat,6,1,high
i1asma0,6,1,high
i1auwl5,6,1,high
i1b01ki,6,1,medium
i1bdg1e,6,2,high
i1bdqii,6,1,high
i1bny3e,6,1,high
i1br01a,6,1,high
i1c15xa,6,2,high
i1c2gil,6,4,medium
i1c4ac5,6,4,medium
i1c7tg6,6,1,medium
i1c8f9l,6,1,medium
i1catye,6,3,medium
i1cd69k,6,1,high
i1ce3pr,6,1,high
i1cgwy7,6,2,high
i1cikos,6,2,high
i1cyy9y,6,4,high
i1d1c5d,6,1,high
i1d9l4b,6,1,high
i1db6fp,6,1,high
i1ddei1,6,2,high
i1de5i3,6,1,high
i1deent,6,1,high
i1dkwhk,6,1,high
i1dkwhk,6,3,high
i1dq5pc,6,3,medium
i1efj0u,6,4,medium
i1fbmde,6,1,high
i1fl90h,6,2,high
i1gcts6,6,4,medium
i1ghcqo,6,2,high
i1ghcqo,6,4,medium
i1ghz0u,6,3,high
i1gtwzu,6,3,high
i1hubpw,6,4,high
i1ig78p,6,3,high
i1j42g3,6,2,high
i1jlur2,6,2,high
i1jtccv,6,3,high
i1k396g,6,2,high
i1k4t6u,6,1,high
i1k5ygz,6,3,high
i1kfhci,6,3,high
i1kjmxf,6,2,high
i1kl2hj,6,1,high
i1lpujw,6,1,high
i1lqmzx,6,2,high
i1mo7w3,6,4,high
i1n6a76,6,2,high
i1o8gjy,6,1,high
i1oax5s,6,3,high
i1pryq4,6,2,high
i1q6fho,6,4,medium
i1q7aoe,6,2,high
i1qu4bm,6,4,medium
i1qvq9p,6,1,high
i1qwt5j,6,2,high
i1rqlxv,6,2,medium
i1swl1g,6,3,medium
i1tgytp,6,2,high
i1w0mm0,6,1,high
i1wmbps,6,1,high
i20vso9,6,2,high
i2io3d1,6,1,high
i4sqa0k,6,2,high
i4utfak,6,1,high
i4wp6j5,6,4,high
i4yoi8a,6,1,high
i5qdxzn,6,1,high
i6chwqs,6,3,high
i8fglcr,6,1,high
i8ug6eu,6,2,high
ibtjth6,6,4,high
iehvm0p,6,3,high
i20aepl,7,4,high
i20bhoj,7,2,high
i20c3gq,7,2,high
i20dacb,7,5,medium
i20db82,7,2,high
i20eqxu,7,3,high
i20exqz,7,2,high
i20fymp,7,2,high
i20g0ql,7,2,high
i20g5gq,7,5,high
i20g96k,7,2,high
i20gcov,7,2,high
i20gkvp,7,3,high
i20hk02,7,2,high
i20hpls,7,5,medium
i20hxhp,7,5,medium
i20i86c,7,3,high
i20i9qw,7,2,medium
i20ie9d,7,2,high
i20ifbo,7,2,high
i20igg3,7,2,high
i20io3f,7,1,high
i20ippy,7,2,high
i20isw8,7,1,high
i20itm6,7,5,high
i20j5x1,7,2,high
i20j7sg,7,3,high
i20jebr,7,4,high
i20jebr,7,1,high
i20jebr,7,3,high
i20jebr,7,2,high
i20jhjd,7,1,high
i20jpzw,7,1,high
i20jteh,7,2,high
i20k0vy,7,2,high
i20k8qn,7,1,high
i20ke95,7,2,high
i20kk2m,7,2,high
i20l21v,7,2,high
i20l497,7,2,high
i20l92h,7,2,high
i20leoq,7,2,high
i20m90g,7,2,high
i20m90g,7,3,medium
i20mb2g,7,1,high
i20mxv3,7,5,high
i20n4xe,7,2,high
i20n6ic,7,2,high
i20njji,7,2,high
i20nmhj,7,2,high
i20nrz9,7,2,high
i20nxyp,7,4,high
i20nxyp,7,1,medium
i20nxyp,7,5,medium
i20o1tf,7,2,high
i20oavf,7,2,high
i20p4m8,7,2,high
i20pjcw,7,2,high
i20pla5,7,2,high
i20pnoa,7,2,high
i20q836,7,5,medium
i20qe9b,7,2,high
i20qfly,7,4,high
i20qfly,7,1,high
i20qfly,7,3,high
i20qja1,7,2,high
i20r55u,7,5,high
i20reh9,7,4,high
i20rfcj,7,2,high
i20rkdj,7,2,high
i20rrqc,7,2,high
i20sdnm,7,4,high
i20sg78,7,1,high
i20sj0i,7,5,high
i20smdj,7,2,high
i20sz62,7,5,high
i20t40j,7,2,high
i20t9e7,7,2,high
i20teri,7,2,high
i20tgjp,7,2,high
i20tt1j,7,2,high
i20tu4d,7,2,high
i20v052,7,1,high
i20v41q,7,2,high
i20v6se,7,2,high
i20v7fv,7,2,high
i20w92e,7,2,high
i20wbw9,7,2,high
i20wkn5,7,4,high
i20wkn5,7,1,high
i20wkn5,7,5,high
i20wkn5,7,3,high
i20wopn,7,1,high
i20wqb4,7,2,high
i20x57u,7,5,medium
i20x90o,7,2,high
i20x9b1,7,1,high
i20yzqz,7,2,high
i20z3in,7,5,medium
i20zh83,7,2,high
i20zis7,7,2,high
i21065g,7,2,high
i210b5e,7,2,high
i210t59,7,3,high
i211e1t,7,2,high
i211jrl,7,1,high
i211zcm,7,4,high
i212k4e,7,4,high
i212phd,7,4,high
i212phd,7,1,medium
i2134u6,7,2,high
i213e6w,7,1,high
i213fej,7,4,medium
i213hzo,7,2,high
i213kdn,7,1,high
i213y32,7,4,high
i2144dx,7,4,high
i2148wl,7,1,high
i2148wl,7,5,high
i2148wl,7,2,high
i214cmn,7,4,high
i214cmn,7,1,high
i214ehd,7,4,high
i214ehd,7,3,medium
i214eua,7,2,high
i214ff5,7,4,high
i215i19,7,4,high
i215xsg,7,2,high
i21606z,7,4,high
i2162uk,7,5,medium
i21644e,7,2,high
i216a3h,7,5,high
i216mdx,7,2,high
i216p2n,7,2,high
i216y8m,7,5,medium
i2174zw,7,5,medium
i217mmg,7,2,high
i217qym,7,2,high
i217uei,7,2,high
i2183q5,7,1,high
i218bl9,7,2,high
i218xs4,7,2,high
i21a1eo,7,3,high
i21aex1,7,5,high
i21b9wb,7,2,medium
i21bfh6,7,5,medium
i21bq1z,7,2,high
i21c0f9,7,2,high
i21c81d,7,1,high
i21cgbn,7,2,high
i21cn0y,7,1,high
i21cqpp,7,2,high
i21d2tv,7,2,high
i21d5mi,7,2,high
i21dcz7,7,2,high
i21ddds,7,2,high
i21di2p,7,3,medium
i21dxjm,7,1,high
i21dxjm,7,3,high
i21dxjm,7,2,high
i21dxq4,7,2,high
i21e07d,7,1,high
i21f0b6,7,2,high
i21fgjp,7,2,high
i21fhai,7,2,high
i21g4ls,7,2,high
i21i50e,7,4,high
i21iu8n,7,2,high
i21iufc,7,1,high
i21iufc,7,3,high
i21iufc,7,2,high
i21j9ic,7,2,high
i21jh5y,7,2,high
i21kg3p,7,2,high
i21kjfg,7,1,high
i21kjfg,7,3,high
i21kjfg,7,4,high
i21le62,7,1,high
i21ma9r,7,2,high
i21msa6,7,4,high
i21ndhx,7,3,high
i21ndhx,7,4,high
i21oet5,7,4,high
i21pqgx,7,4,high
i21spwo,7,2,high
i21ur3y,7,2,high
i21v2bv,7,2,high
i21v423,7,2,high
i21v52a,7,4,medium
i21va21,7,2,high
i21vu0t,7,2,high
i21vunb,7,5,high
i21y3m4,7,1,high
i220civ,7,3,high
i220civ,7,4,high
i220yb4,7,1,high
i221gqn,7,2,high
i222eo9,7,4,medium
i224u1a,7,5,high
i22678j,7,2,high
i226c1x,7,1,high
i226hdv,7,5,medium
i226mub,7,1,high
i226ual,7,2,high
i226wog,7,4,high
i2270cy,7,1,high
i2270cy,7,5,high
i2274c3,7,5,medium
i227e9n,7,1,medium
i227nwa,7,2,high
i228166,7,2,high
i228dmf,7,2,high
i228wf4,7,2,high
i229odn,7,2,high
i22aeke,7,4,high
i22bedj,7,2,high
i22d54o,7,1,high
i22dk21,7,2,high
i22exsz,7,1,high
i22fhb4,7,2,high
i22fhkk,7,2,high
i22fjuj,7,2,high
i22gxes,7,2,high
i22i8d3,7,1,high
i22ir29,7,2,medium
i22la3n,7,2,high
i22n4t8,7,2,high
i22oa8t,7,4,high
i22p8pf,7,2,high
i22qb83,7,2,high
i22vprd,7,4,high
i22wa11,7,2,high
i22ya2r,7,5,medium
i22ypi9,7,2,high
i22yw3w,7,4,high
i22zoj7,7,1,medium
i22zsky,7,4,high
i2303dx,7,2,high
i230yn5,7,3,high
i231ext,7,5,medium
i233yuq,7,2,high
i2342d3,7,2,medium
i238zon,7,2,high
i23anfe,7,2,high
i23fn1l,7,2,high
i23hk11,7,1,high
i23hreh,7,1,high
i23ihzl,7,5,medium
i23ldn6,7,2,high
i23n3es,7,2,high
i23p2k1,7,4,high
i23pk2e,7,1,high
i23qzt2,7,2,high
i23rtjv,7,4,medium
i23ulkp,7,5,medium
i23ycba,7,5,high
i240mdp,7,4,high
i2456ux,7,4,high
i2465ne,7,1,high
i248rn3,7,2,high
i24aevw,7,4,high
i24b1uu,7,2,high
i24feyw,7,2,high
i24hy40,7,1,high
i24i2ij,7,2,high
i24jgf0,7,2,high
i24lprj,7,1,high
i24muqa,7,2,high
i24n7bj,7,2,high
i24qku6,7,2,high
i24tvie,7,4,high
i24tz7e,7,2,high
i24uuao,7,4,high
i24vkf1,7,2,high
i24wmm0,7,1,high
i24xdr9,7,2,high
i24xpye,7,3,high
i251lxx,7,3,high
i253975,7,2,high
i253oii,7,2,high
i254guk,7,2,high
i254ve1,7,3,high
i255fox,7,3,medium
i258e2x,7,1,medium
i258e2x,7,4,high
i258xqs,7,2,high
i25948u,7,2,high
i2596yi,7,2,high
i25a4dr,7,2,high
i25avtu,7,2,high
i25b3ju,7,2,high
i25b8vs,7,5,high
i25ba5e,7,2,high
i25bty7,7,2,high
i25gev1,7,5,high
i25gmz0,7,2,high
i25hev1,7,2,high
i25hyie,7,2,high
i25ixg8,7,2,high
i25o1pc,7,4,high
i25o1pc,7,3,medium
i25rw7t,7,2,high
i25t17o,7,2,high
i25uzag,7,3,high
i25vde0,7,2,high
i25vknx,7,4,high
i263342,7,2,high
i2658gv,7,1,high
i266uyd,7,5,high
i267uhn,7,5,high
i268qac,7,2,high
i26ewze,7,2,high
i26f9zq,7,2,high
i26jrx4,7,2,high
i26lrw9,7,5,medium
i26mzba,7,2,high
i26txwm,7,4,high
i26ulnk,7,5,medium
i26vg05,7,2,high
i277dq0,7,5,high
i278bmf,7,2,high
i2795x3,7,5,high
i27i1ce,7,2,high
i27ix5z,7,4,high
i27j68y,7,1,high
i27l0g0,7,1,high
i27lesz,7,3,medium
i27opsh,7,2,high
i27qjag,7,1,high
i27r760,7,1,high
i27rpqb,7,4,high
i27tx4h,7,4,high
i27w04i,7,5,high
i27ybfo,7,2,high
i27ze3n,7,2,high
i282eit,7,2,high
i2893rk,7,4,high
i28ufz6,7,2,high
i28uz3d,7,2,high
i2927oe,7,2,high
i294ys1,7,2,high
i29613a,7,2,high
i29c290,7,2,high
i29ehuh,7,4,high
i29h4sz,7,5,high
i29ocs7,7,3,high
i29p3sb,7,5,medium
i29uvvp,7,2,medium
i29uyfr,7,4,high
i29wq14,7,4,high
i29y1mm,7,4,high
i2a31zq,7,2,high
i2a5q1h,7,3,medium
i2a6yx8,7,2,high
i2ajnea,7,2,high
i2akr6l,7,2,high
i2anrx1,7,2,medium
i2arjif,7,5,high
i2ati1v,7,3,high
i2ati1v,7,4,high
i2ati1v,7,1,medium
i2atu8h,7,2,high
i2awb5c,7,2,high
i2b309w,7,2,high
i2b7pzu,7,1,high
i2b91t8,7,1,high
i2bae1j,7,2,high
i2bnig4,7,2,high
i2bukru,7,2,high
i2byhws,7,2,high
i2c5je8,7,2,high
i2cvt61,7,2,medium
i2d1zx4,7,2,high
i2dcet1,7,2,high
i2dozdt,7,5,medium
i2dvt6x,7,2,high
i2egaxd,7,4,high
i2ej2go,7,2,high
i2ejl5h,7,4,high
i2ejohu,7,2,high
i2esptb,7,3,high
i2fdt4n,7,4,high
i2fsh1o,7,2,high
i2hq9uc,7,2,high
i2hxk1j,7,2,high
i2iagfs,7,2,high
i2ica0u,7,2,high
i2ipeka,7,2,high
i2ipgvh,7,2,high
i2ipzvo,7,2,high
i2it4s4,7,2,high
i2itpea,7,5,medium
i2j7iuv,7,4,high
i2j7ry1,7,2,high
i2lmw5p,7,2,high
i2lvmej,7,2,high
i2mi4qd,7,2,high
i2ozxwt,7,2,high
i2rjwkf,7,2,high
i2rkenc,7,1,high
i2ssul3,7,2,high
i2t4k6a,7,2,high
i2ta3im,7,2,high
i2tswrb,7,4,high
i2ufbl3,7,1,medium
i2vbemk,7,2,high
i2w1qvd,7,2,high
i2wyt65,7,2,high
i2x1sh3,7,2,high
i353d2u,7,5,medium
i4v4b0t,7,5,medium
i51lexu,7,5,high
i62kmqg,7,4,high
i719ub3,7,2,high
i8px4hg,7,2,high
i9i2ysr,7,2,high
i9i36fe,7,2,high
ib0dwdv,7,1,high
ib0dwdv,7,5,high
ibn26or,7,2,high
ibym8r7,7,2,high
iced1ra,7,5,high
ih7s3y8,7,2,high
in0drbc,7,2,high
instjuw,7,2,high
iuf54jw,7,2,high
iuf54jw,7,1,high
iufnjjs,7,3,high
i2xb0er,8,1,high
i2xbbpr,8,1,medium
i2xbbpr,8,3,high
i2xbbpr,8,5,high
i2xbcqq,8,1,high
i2xd2el,8,1,high
i2xdiw9,8,1,medium
i2xdyqt,8,4,medium
i2xfq3f,8,5,high
i2xgcfh,8,2,high
i2xgixe,8,4,high
i2xgw4z,8,1,high
i2xh278,8,2,high
i2xh76y,8,5,high
i2xh76y,8,1,high
i2xh8or,8,4,high
i2xh9os,8,1,medium
i2xh9zn,8,5,medium
i2xhbbj,8,3,high
i2xhbnq,8,1,high
i2xheqx,8,1,high
i2xhilq,8,4,high
i2xhjkb,8,1,high
i2xhmcc,8,5,high
i2xhnwk,8,2,high
i2xho3r,8,2,high
i2xhq36,8,5,high
i2xhvh2,8,1,high
i2xhyqq,8,2,high
i2xi0cy,8,1,high
i2xi0v2,8,3,high
i2xi70v,8,4,high
i2xiep9,8,5,high
i2xifie,8,4,high
i2xih0r,8,2,high
i2xiimw,8,2,high
i2xij51,8,4,high
i2xijxn,8,2,high
i2xikvj,8,2,high
i2xilw3,8,5,high
i2xind1,8,4,medium
i2xiqok,8,4,high
i2xiqvu,8,2,high
i2xiup5,8,2,high
i2xixh4,8,2,high
i2xj088,8,1,medium
i2xj0n8,8,3,medium
i2xj0n8,8,4,medium
i2xj0we,8,4,medium
i2xj5tr,8,1,high
i2xjc5y,8,2,high
i2xjcnu,8,5,high
i2xjduf,8,1,high
i2xjels,8,2,high
i2xjflu,8,5,high
i2xjkh8,8,3,high
i2xjkh8,8,4,high
i2xjkh8,8,5,high
i2xjtl6,8,3,high
i2xjw8a,8,1,high
i2xjyet,8,5,medium
i2xjzo0,8,1,high
i2xk93a,8,2,high
i2xkf7p,8,2,high
i2xkh0j,8,2,medium
i2xkhcc,8,5,high
i2xkodk,8,1,medium
i2xkq9j,8,1,high
i2xkspt,8,5,medium
i2xkv4y,8,2,high
i2xkynq,8,1,medium
i2xleah,8,5,high
i2xlg4w,8,2,high
i2xlhmp,8,2,high
i2xlj23,8,2,high
i2xlk0a,8,1,high
i2xlm9c,8,2,high
i2xlpjb,8,5,medium
i2xlpv8,8,4,high
i2xlt1q,8,3,medium
i2xlva3,8,5,high
i2xlwgc,8,1,high
i2xlxq7,8,2,high
i2xly1i,8,5,high
i2xm0fi,8,5,high
i2xm0uq,8,2,high
i2xm285,8,4,medium
i2xm4ex,8,5,medium
i2xm67h,8,3,medium
i2xm69q,8,2,high
i2xmasl,8,5,medium
i2xmb0m,8,5,high
i2xmb8e,8,2,high
i2xmdmf,8,2,high
i2xmgwg,8,1,high
i2xmi2l,8,1,high
i2xmqha,8,2,high
i2xmvie,8,5,medium
i2xmvrz,8,2,high
i2xn03n,8,5,high
i2xn7hv,8,2,high
i2xnflz,8,2,high
i2xnhmm,8,2,high
i2xnn52,8,1,high
i2xnns2,8,2,high
i2xnqfo,8,2,high
i2xnzzh,8,2,high
i2xo0qp,8,2,high
i2xo1lq,8,2,high
i2xo2xr,8,2,high
i2xo33u,8,1,medium
i2xo96f,8,2,high
i2xoaqm,8,3,medium
i2xodz9,8,1,high
i2xozb3,8,2,high
i2xp5cc,8,2,high
i2xpacf,8,2,high
i2xpc7d,8,3,high
i2xpe8h,8,1,medium
i2xpeal,8,3,high
i2xpg7l,8,2,high
i2xpmy6,8,1,high
i2xpobr,8,2,high
i2xpqby,8,2,high
i2xpsh8,8,1,high
i2xpss1,8,2,high
i2xpsth,8,2,high
i2xptvp,8,1,high
i2xpuq5,8,4,medium
i2xpwzi,8,1,medium
i2xpyh1,8,5,high
i2xq09t,8,3,high
i2xq8d0,8,1,medium
i2xqdao,8,4,high
i2xqhd0,8,3,medium
i2xqiww,8,4,medium
i2xqjt0,8,1,high
i2xqko1,8,5,high
i2xqrk7,8,5,high
i2xqu5f,8,2,high
i2xr3fn,8,5,high
i2xr4np,8,3,high
i2xr7c3,8,4,medium
i2xr92t,8,3,high
i2xrfvp,8,2,medium
i2xrfyc,8,3,high
i2xrm3g,8,4,medium
i2xrmgd,8,5,high
i2xrs9w,8,2,high
i2xs40y,8,4,medium
i2xs5up,8,5,medium
i2xs6qx,8,2,high
i2xs7g7,8,3,medium
i2xsdje,8,4,medium
i2xsh9y,8,4,medium
i2xsh9y,8,2,high
i2xshm6,8,1,high
i2xskiu,8,1,high
i2xsn5t,8,4,high
i2xsv60,8,5,high
i2xt3zy,8,3,high
i2xt8en,8,5,high
i2xtbqi,8,2,high
i2xte47,8,2,high
i2xtmgg,8,3,high
i2xtstd,8,5,high
i2xtxd0,8,4,medium
i2xu3w2,8,5,medium
i2xu4v1,8,3,high
i2xubnz,8,2,high
i2xudqi,8,3,high
i2xuevz,8,2,high
i2xuljx,8,1,medium
i2xumq8,8,1,high
i2xuyxa,8,5,high
i2xv7yq,8,4,high
i2xv7yq,8,5,high
i2xve6k,8,5,high
i2xveu7,8,5,high
i2xvlx7,8,2,high
i2xvq50,8,1,high
i2xvreq,8,1,medium
i2xvxhp,8,1,high
i2xw0ko,8,2,high
i2xw5aw,8,3,high
i2xwop6,8,2,high
i2xwp9e,8,3,high
i2xx2zi,8,1,high
i2xxbrk,8,2,high
i2xxdc5,8,2,high
i2xxs81,8,1,medium
i2xy0si,8,2,high
i2xy1ix,8,2,high
i2xy408,8,4,medium
i2xy6er,8,1,high
i2xyd1o,8,5,high
i2xyj7h,8,2,high
i2xyq7e,8,1,high
i2xyuwf,8,5,high
i2xywar,8,5,high
i2xz2qf,8,5,high
i2xz5gs,8,2,high
i2xzbjv,8,1,medium
i2xzivi,8,5,high
i2xzwny,8,2,high
i2xzyrs,8,5,high
i2y00hw,8,1,medium
i2y0pfd,8,5,high
i2y0zih,8,2,high
i2y11bh,8,4,medium
i2y1a9j,8,1,medium
i2y1cjr,8,1,medium
i2y1k1e,8,3,high
i2y1s21,8,4,medium
i2y1s2r,8,1,high
i2y20bi,8,2,high
i2y2v4j,8,1,medium
i2y2vdy,8,3,high
i2y2w68,8,5,high
i2y321o,8,2,high
i2y342t,8,2,high
i2y3s7y,8,2,high
i2y3twt,8,3,high
i2y3tz5,8,2,high
i2y4ka6,8,3,high
i2y4qob,8,3,high
i2y4z8r,8,3,medium
i2y4z8r,8,5,high
i2y549e,8,5,high
i2y54c1,8,2,high
i2y5dx1,8,3,high
i2y5ogd,8,2,high
i2y5qa4,8,4,high
i2y5qxg,8,4,high
i2y5qxg,8,2,high
i2y5uis,8,2,medium
i2y5xvu,8,1,medium
i2y6345,8,2,high
i2y6mlf,8,5,high
i2y6mll,8,5,high
i2y6uf5,8,1,high
i2y7p80,8,2,high
i2y8600,8,5,high
i2y8u0h,8,3,high
i2y8v6r,8,2,high
i2y8xit,8,2,high
i2y9m2z,8,2,high
i2yayer,8,4,high
i2yb7fr,8,5,high
i2ybdg9,8,2,high
i2ybdn2,8,2,high
i2ybfca,8,4,high
i2ybpwr,8,1,high
i2ybye8,8,4,medium
i2ycl3m,8,2,high
i2ycocj,8,1,medium
i2yd8tq,8,3,high
i2yd9d5,8,5,medium
i2ydbd5,8,2,high
i2ydj1s,8,2,high
i2ye2qx,8,5,high
i2yebdp,8,5,high
i2yer9v,8,2,high
i2yexms,8,4,high
i2yexms,8,3,medium
i2yf7sg,8,2,high
i2yfae8,8,1,medium
i2yfnt5,8,2,high
i2ygrbm,8,2,high
i2yhhqs,8,2,high
i2yhurt,8,2,high
i2yikjr,8,1,high
i2yiu98,8,1,medium
i2yjkvy,8,2,high
i2yjt90,8,2,high
i2yjvn5,8,2,high
i2yk50g,8,5,high
i2ykbpd,8,2,high
i2yke1z,8,2,high
i2yki3c,8,2,high
i2ylxxa,8,5,high
i2ym13z,8,1,high
i2yma1b,8,4,medium
i2ymwcb,8,2,high
i2yn7n1,8,2,high
i2ynbmp,8,1,medium
i2ynyl9,8,2,high
i2ypx2n,8,2,high
i2yq02c,8,4,medium
i2yq02c,8,2,high
i2yqu1o,8,3,high
i2yszy5,8,2,high
i2ytmp0,8,1,high
i2ytmp0,8,2,high
i2ytq4l,8,3,high
i2ytv8u,8,4,high
i2yua5s,8,3,high
i2yulop,8,2,high
i2yuzpc,8,3,medium
i2yv0hf,8,2,high
i2yvbf3,8,1,high
i2yvbpx,8,5,high
i2yvhrx,8,1,high
i2yw7rs,8,3,medium
i2ywm4y,8,5,high
i2yxn6i,8,1,high
i2yy0xd,8,3,high
i2yzb3m,8,2,high
i2yzyqc,8,1,high
i2z0sf6,8,4,medium
i2z1udl,8,1,high
i2z29dl,8,2,high
i2z3jbe,8,2,high
i2z3vfx,8,1,high
i2z4124,8,2,high
i2z4mey,8,2,high
i2z4x56,8,4,high
i2z5dj1,8,2,high
i2z615r,8,2,high
i2z76bg,8,2,high
i2z9581,8,4,medium
i2z97pe,8,2,high
i2z9oon,8,3,high
i2zaetg,8,4,medium
i2zatrq,8,3,high
i2zbycg,8,2,high
i2zd09c,8,2,high
i2zd88f,8,2,high
i2ze1vf,8,3,medium
i2zexx0,8,3,high
i2zff4s,8,1,medium
i2zfpmj,8,2,high
i2zhb2k,8,5,high
i2zhs5z,8,3,medium
i2zivmi,8,1,high
i2zjict,8,5,high
i2zl4gh,8,2,high
i2zlfpq,8,2,high
i2zo57v,8,5,high
i2zplm9,8,2,high
i2zqlba,8,2,high
i2zrmfx,8,2,high
i2zrmki,8,5,high
i2zrwe1,8,1,high
i2zryjb,8,5,high
i2zs7p7,8,4,high
i2zskb6,8,2,high
i2zsoby,8,1,medium
i2ztany,8,4,high
i2zuf3w,8,2,medium
i2zuuay,8,1,medium
i2zvues,8,1,high
i2zwjqn,8,2,high
i2zwksm,8,5,medium
i2zxamo,8,2,high
i30123v,8,2,high
i301855,8,5,high
i30276c,8,5,high
i3031fd,8,3,medium
i303xet,8,5,medium
i303zjy,8,2,high
i304djg,8,3,high
i304djg,8,2,high
i305a5b,8,2,high
i306v9x,8,1,high
i307bz1,8,1,medium
i307qqx,8,1,high
i308jl1,8,1,medium
i308u31,8,2,high
i3092mu,8,4,medium
i30boxo,8,1,medium
i30d7bu,8,5,high
i30g185,8,1,medium
i30hjh0,8,2,high
i30hx4g,8,5,high
i30lbn2,8,1,high
i30me80,8,5,medium
i30myrt,8,2,high
i30nl91,8,4,medium
i30o6dw,8,2,high
i30rfrs,8,1,high
i30rykc,8,2,high
i30sq26,8,3,medium
i30u0nn,8,5,high
i30uc6p,8,5,high
i30v7z6,8,5,high
i30w5xh,8,3,high
i30wf9o,8,2,high
i30wyw2,8,5,high
i30y337,8,4,high
i30z6tx,8,2,high
i30z829,8,1,high
i30zd9c,8,2,medium
i30zddu,8,2,high
i30zjvs,8,1,medium
i30znfs,8,1,medium
i30zypa,8,4,high
i30zzhl,8,2,high
i3109j7,8,1,medium
i311ak8,8,1,high
i311zh4,8,4,medium
i313lwn,8,2,high
i313nku,8,5,high
i315m4x,8,2,high
i315mi3,8,2,high
i3165sk,8,2,high
i316j9x,8,2,high
i317aa1,8,2,high
i318ctt,8,2,high
i319rl9,8,1,high
i319xto,8,4,high
i31a0w4,8,2,high
i31cew9,8,5,medium
i31daj4,8,2,high
i31deui,8,3,high
i31dgf1,8,4,medium
i31ef8h,8,1,medium
i31ftfq,8,2,high
i31ihkv,8,4,high
i31imv1,8,5,high
i31jesw,8,2,high
i31ka8e,8,2,high
i31lw8r,8,2,high
i31ny0q,8,2,high
i31oiqq,8,2,high
i31on1t,8,4,medium
i31q4s6,8,4,high
i31sg27,8,2,high
i31sx9w,8,2,high
i31sylq,8,1,high
i31t062,8,2,high
i31t3jw,8,2,high
i31t7j7,8,2,high
i31t9xs,8,5,medium
i31uaj2,8,2,high
i31upi7,8,5,high
i31urb2,8,4,medium
i31vkia,8,1,high
i31xqaa,8,1,high
i320sgj,8,2,high
i322cuv,8,2,high
i322d7z,8,1,high
i327khm,8,1,high
i327m3b,8,4,high
i327m68,8,1,high
i327u4u,8,1,high
i32876r,8,1,high
i328oak,8,4,high
i329i64,8,4,high
i32dldr,8,1,high
i32e4al,8,2,high
i32fu8d,8,4,high
i32gtd7,8,4,high
i32hmsm,8,1,medium
i32hzwr,8,2,high
i32i2hu,8,1,high
i32i2vq,8,2,high
i32i53l,8,5,high
i32jeil,8,4,high
i32jmm8,8,2,high
i32jn9c,8,3,high
i32m64r,8,2,high
i32mada,8,2,high
i32mees,8,1,high
i32mees,8,2,high
i32mees,8,3,high
i32mees,8,4,high
i32mees,8,5,high
i32prij,8,5,high
i32r27p,8,1,medium
i32rthp,8,2,high
i32rwm3,8,2,high
i32slx8,8,1,medium
i32sqir,8,3,high
i32tw13,8,4,high
i32u5go,8,2,high
i32wx6i,8,3,high
i32x23o,8,5,high
i32y378,8,1,high
i32ymco,8,3,high
i32zpe0,8,3,high
i32zxzt,8,2,high
i334qhy,8,3,high
i335owr,8,5,high
i335t4z,8,5,high
i3369ow,8,2,high
i33bger,8,5,high
i33cnb2,8,2,high
i33ioxx,8,5,high
i33jiww,8,4,high
i33m3zm,8,2,high
i33mppz,8,2,high
i33mtj5,8,3,medium
i33rkys,8,3,medium
i33rse3,8,5,high
i33u94x,8,1,high
i33vjwh,8,2,high
i33xm6d,8,1,high
i33ynxe,8,5,high
i340vj8,8,1,medium
i34395t,8,2,high
i343nnh,8,5,medium
i347il7,8,2,high
i34cpbi,8,4,high
i34cu7s,8,3,medium
i34ds6t,8,2,medium
i34dvkv,8,2,high
i34ef1d,8,2,high
i34ef1d,8,5,medium
i34f6s8,8,5,medium
i34fjdf,8,5,high
i34fz7j,8,3,high
i34hcft,8,2,high
i34o0kz,8,5,high
i34ort5,8,2,high
i34snnr,8,5,high
i34u1n7,8,2,high
i359yvi,8,1,high
i359yvi,8,4,high
i35a79q,8,5,high
i35fcgo,8,5,medium
i35fo08,8,3,medium
i35frip,8,3,high
i35gg6q,8,2,high
i35ik1g,8,5,high
i35l8w8,8,3,medium
i35nlaz,8,1,high
i35osyv,8,3,high
i35szbv,8,3,medium
i35too9,8,5,high
i35u9g4,8,5,medium
i35vdr4,8,5,medium
i35y93k,8,3,high
i35yp5n,8,2,high
i365kbn,8,2,high
i36ir59,8,1,medium
i36jv0x,8,2,high
i36n1w2,8,5,medium
i372sq3,8,4,medium
i37c1dw,8,5,high
i37gfo6,8,5,high
i37glpc,8,2,high
i37ldmo,8,5,medium
i37n58c,8,3,high
i37u5mf,8,2,high
i37uoj9,8,5,medium
i37uqns,8,2,high
i37zknt,8,2,high
i381tdh,8,5,high
i3842pe,8,5,high
i38a7t4,8,3,medium
i38bsi2,8,2,high
i38hbnr,8,4,high
i38ohxf,8,5,high
i38s70y,8,4,high
i38zgod,8,2,high
i390465,8,4,high
i39dtn4,8,1,high
i39dtn4,8,2,high
i39dtn4,8,3,high
i39dtn4,8,4,high
i39dtn4,8,5,high
i39e35t,8,1,high
i39nezy,8,2,high
i39tzsf,8,1,high
i39uu8b,8,5,high
i3a1d6x,8,2,medium
i3abpu9,8,2,high
i3arym9,8,1,medium
i3asvi0,8,4,high
i3auo6h,8,2,high
i3ax5um,8,2,high
i3axt9u,8,2,high
i3ayfc4,8,2,high
i3b0zvb,8,2,high
i3b22e3,8,3,high
i3b3t9q,8,1,high
i3b5ldm,8,4,high
i3bfclt,8,2,high
i3bo9v5,8,4,medium
i3bpwzf,8,2,high
i3bv4tu,8,2,high
i3c3h0c,8,2,high
i3c3h0c,8,3,medium
i3ck3iw,8,2,high
i3clpsv,8,2,high
i3cnktg,8,3,medium
i3cogwv,8,1,high
i3cw645,8,5,high
i3cxdka,8,4,medium
i3cxix3,8,2,high
i3d0987,8,2,high
i3d8g60,8,2,high
i3dxoqi,8,2,high
i3ea1je,8,2,high
i3eay3i,8,4,high
i3eqk5x,8,2,high
i3evaqk,8,2,high
i3fcy52,8,2,medium
i3fgz2t,8,2,high
i3fik57,8,2,high
i3g05c5,8,2,high
i3gd8ab,8,3,medium
i3gej0r,8,2,high
i3hfhfm,8,2,high
i3hpil6,8,2,high
i3i0tvg,8,2,high
i3i1zzo,8,2,high
i3jqfpa,8,3,high
i3lvjo3,8,5,high
i3o92ze,8,2,high
i3otyef,8,1,medium
i3oun4q,8,5,high
i3p4tvv,8,3,high
i3p6tim,8,3,medium
i3p8xds,8,4,medium
i3pa68i,8,4,high
i3pgy9q,8,2,high
i3pirkq,8,2,high
i3pz5s7,8,2,high
i3qd844,8,3,high
i3qih0l,8,2,high
i3qmytx,8,1,medium
i3qs4fd,8,4,high
i3rnl7i,8,1,high
i3samez,8,2,high
i3ss0ih,8,5,medium
i3u398z,8,2,high
i3u3zdu,8,2,high
i3ypfxv,8,2,high
i3zuujv,8,3,high
i46bmlb,8,5,high
i4s78q1,8,1,high
i5rhjdh,8,2,high
i772u14,8,1,high
i77c6ab,8,1,medium
i8kkbkf,8,3,medium
i8kthar,8,2,high
ia9vd4c,8,2,high
ic5tjow,8,2,medium
ic92beh,8,2,high
ijg9lsu,8,1,high
imq2si5,8,5,high
iugft24,8,5,high
iugmu3s,8,5,high
iugrm42,8,2,high
i3udq9y,9,1,high
i3udtnx,9,2,high
i3udto1,9,2,high
i3udu4d,9,1,high
i3udurz,9,2,high
i3udv2m,9,5,high
i3udw6x,9,2,high
i3udwhi,9,2,high
i3udwxf,9,2,high
i3udy0u,9,5,medium
i3udy3y,9,1,high
i3udyow,9,2,high
i3udzy3,9,2,high
i3ue0t7,9,1,high
i3ue0ud,9,2,high
i3ue0wy,9,2,high
i3ue35l,9,2,high
i3ue475,9,5,high
i3ue864,9,2,high
i3ue8yo,9,1,high
i3ue8yo,9,4,high
i3uee4w,9,2,high
i3uefid,9,2,high
i3uehaz,9,2,high
i3uehs4,9,1,high
i3uehs4,9,5,high
i3uehs4,9,2,high
i3uein0,9,2,high
i3ueion,9,2,high
i3uejtx,9,2,high
i3uek4a,9,2,high
i3uek6w,9,4,high
i3uekf3,9,5,high
i3uekst,9,5,high
i3uemu0,9,2,high
i3uenc0,9,2,high
i3uepit,9,2,high
i3uesr9,9,2,high
i3uesuy,9,2,high
i3ueuld,9,2,high
i3uevjo,9,2,high
i3uew4r,9,2,high
i3uey2a,9,2,high
i3uf1w2,9,2,high
i3ufd6k,9,2,high
i3ufdic,9,2,high
i3ufip3,9,5,high
i3ufl33,9,2,high
i3ufm02,9,1,high
i3ufns8,9,2,high
i3ufq0b,9,2,high
i3ufq0b,9,5,medium
i3ufuad,9,2,high
i3ufvus,9,2,high
i3ug05q,9,1,high
i3ug0v1,9,1,high
i3ug3h2,9,2,high
i3ug6v4,9,3,medium
i3ug8t2,9,2,high
i3uga1j,9,2,high
i3uga7c,9,5,high
i3ugadk,9,1,high
i3ugdoq,9,1,high
i3uge3m,9,4,high
i3uge64,9,2,high
i3ugia0,9,2,high
i3ugjc9,9,5,high
i3ugreg,9,2,high
i3ugvw7,9,5,medium
i3ugxjh,9,2,high
i3ugxy5,9,2,high
i3uh71x,9,2,high
i3uh7n2,9,2,high
i3uhce3,9,2,high
i3uhcqz,9,2,high
i3uhk8p,9,2,high
i3uhlyv,9,1,high
i3uhm8s,9,4,high
i3uhnm1,9,2,high
i3uhqzw,9,2,high
i3uhral,9,2,high
i3uhral,9,5,medium
i3uhucb,9,2,high
i3uhw54,9,2,high
i3uhzmd,9,2,high
i3ui7sc,9,2,high
i3ui8tj,9,2,high
i3ui8xs,9,2,high
i3uicqq,9,4,high
i3uigqr,9,1,high
i3uigxp,9,2,high
i3uijzo,9,1,high
i3uikrr,9,2,high
i3uipfl,9,1,high
i3uipfr,9,2,high
i3uivxz,9,1,medium
i3uivxz,9,2,high
i3uiwf3,9,2,high
i3uj3nz,9,2,high
i3uj7v9,9,5,high
i3ujf77,9,1,medium
i3ujf77,9,2,high
i3ujf77,9,4,medium
i3ujiqh,9,2,high
i3ujl2p,9,2,high
i3ujlkc,9,5,high
i3ujo3y,9,3,high
i3ujsen,9,2,high
i3ujsge,9,1,high
i3ujsge,9,2,high
i3ujsqt,9,2,high
i3ujweh,9,2,high
i3ujwpr,9,3,high
i3ujysb,9,2,high
i3uk1nv,9,4,high
i3uk2l4,9,1,high
i3uk4pe,9,2,high
i3uk6d9,9,5,high
i3uk6iv,9,2,high
i3uk7un,9,2,high
i3uke6t,9,2,high
i3ukmq5,9,2,high
i3ukof1,9,1,high
i3ukq3c,9,2,high
i3ukt04,9,4,high
i3ukv8e,9,4,high
i3ul0bc,9,2,high
i3ul19p,9,1,high
i3ul4s0,9,2,high
i3ul5x4,9,2,high
i3ul624,9,2,high
i3ul770,9,2,high
i3ulc66,9,2,high
i3ulcur,9,2,high
i3uld88,9,3,high
i3ulfs1,9,2,high
i3ulit6,9,2,high
i3ulo9c,9,1,medium
i3ulo9c,9,4,medium
i3ulphe,9,2,high
i3ulvjm,9,5,high
i3ulvze,9,1,high
i3ulx2k,9,3,high
i3um6jj,9,4,high
i3um783,9,2,high
i3um9er,9,2,high
i3umby0,9,4,high
i3umggt,9,1,medium
i3umk8q,9,2,high
i3umokq,9,2,high
i3umqjd,9,2,high
i3umu9e,9,2,high
i3umv7t,9,2,high
i3umyqw,9,2,high
i3umzxr,9,2,high
i3un3nc,9,2,high
i3un3u2,9,2,high
i3un4fk,9,1,high
i3un94n,9,1,medium
i3una2f,9,5,high
i3unilj,9,1,high
i3unj9y,9,2,high
i3unjnx,9,2,high
i3unm8d,9,2,high
i3unn5o,9,3,high
i3unr7p,9,4,high
i3unsxe,9,2,high
i3unww3,9,1,high
i3unww3,9,3,medium
i3uny71,9,2,high
i3unz8t,9,2,high
i3uo07z,9,2,high
i3uo4ts,9,2,high
i3uo5en,9,5,high
i3uo6pq,9,1,high
i3uo6pq,9,2,high
i3uo6pq,9,4,high
i3uo7sg,9,2,high
i3uo7xv,9,2,high
i3uocfb,9,2,high
i3uodrp,9,2,high
i3uodz8,9,2,high
i3uoi7u,9,1,medium
i3uol1h,9,1,high
i3uone3,9,2,high
i3uoniy,9,4,high
i3uooxx,9,2,high
i3uozl1,9,5,high
i3uozsy,9,2,high
i3up0ez,9,2,high
i3up134,9,5,high
i3up4wr,9,3,medium
i3up5hk,9,2,high
i3up6g0,9,5,high
i3upftt,9,1,high
i3upftt,9,4,high
i3uphd7,9,2,high
i3upig5,9,4,high
i3upjcc,9,2,high
i3uplvc,9,4,high
i3upo79,9,1,high
i3upo79,9,2,high
i3upqgb,9,2,high
i3upqgb,9,1,high
i3upqgb,9,3,high
i3uptmt,9,2,high
i3uptzb,9,2,high
i3upxyi,9,2,high
i3uq1oc,9,1,medium
i3uq479,9,4,medium
i3uqadj,9,5,high
i3uqcbv,9,4,high
i3uqfw1,9,2,high
i3uqgz5,9,1,medium
i3uqid0,9,1,high
i3uql3u,9,1,high
i3uqoh8,9,2,high
i3uqrch,9,4,high
i3uqtk7,9,3,high
i3uqttc,9,2,high
i3uqttc,9,4,medium
i3ur0pr,9,2,high
i3ur46x,9,2,high
i3ur52e,9,2,high
i3urj6n,9,1,high
i3urjob,9,2,high
i3urk6x,9,5,high
i3urkgx,9,2,high
i3urkuo,9,2,high
i3urlvf,9,1,medium
i3urpob,9,2,high
i3urq45,9,2,high
i3uru53,9,2,high
i3urump,9,3,high
i3urxm6,9,2,high
i3us4uy,9,2,high
i3us71u,9,5,high
i3uscxl,9,2,high
i3ushao,9,2,high
i3usj28,9,2,high
i3uslkp,9,2,high
i3uswgn,9,2,high
i3ut0i1,9,4,high
i3ut251,9,2,high
i3utiga,9,2,high
i3utivw,9,2,high
i3utkpg,9,2,high
i3utnn9,9,3,high
i3utnyr,9,2,high
i3utuo2,9,1,medium
i3utygc,9,2,high
i3uu0ac,9,2,high
i3uu2sz,9,4,medium
i3uu4gz,9,1,high
i3uuax7,9,1,high
i3uuax7,9,2,high
i3uuax7,9,3,medium
i3uubt4,9,2,high
i3uucqy,9,2,high
i3uuiwq,9,5,high
i3uujq4,9,4,high
i3uupp1,9,1,high
i3uuvo7,9,2,high
i3uuvsn,9,1,high
i3uuzan,9,4,high
i3uv1j6,9,2,high
i3uv8tw,9,5,high
i3uve95,9,2,high
i3uvee4,9,2,high
i3uvpa4,9,2,high
i3uvzti,9,4,high
i3uw53p,9,2,high
i3uw83h,9,2,high
i3uwc5u,9,5,high
i3uwds2,9,2,high
i3uwk9v,9,2,high
i3uwyri,9,2,high
i3uwyz9,9,4,high
i3ux22i,9,1,high
i3ux2in,9,2,high
i3ux6lr,9,2,high
i3ux9uq,9,4,high
i3ux9uq,9,2,high
i3ux9uq,9,3,high
i3uxfcx,9,2,high
i3uxma0,9,5,high
i3uxo65,9,1,high
i3uxq2d,9,5,high
i3uxrym,9,1,high
i3uxxc5,9,2,high
i3uxxm5,9,2,high
i3uy78b,9,1,high
i3uybul,9,2,high
i3uyedj,9,2,high
i3uylro,9,5,high
i3uymj0,9,2,high
i3uyt7z,9,1,high
i3uyt7z,9,2,high
i3uyv9a,9,2,high
i3uyv9a,9,1,medium
i3uyw0t,9,4,high
i3uyw0t,9,5,high
i3uyx81,9,2,high
i3uz3ik,9,2,high
i3uz68q,9,2,high
i3uz9mn,9,1,high
i3uzagj,9,4,medium
i3uzg7v,9,3,high
i3uzgex,9,2,high
i3uzhi5,9,2,high
i3uzk8n,9,1,high
i3uzuvk,9,2,high
i3uzvk8,9,4,high
i3uzwad,9,2,high
i3v07lc,9,2,high
i3v09lx,9,2,high
i3v0f74,9,1,high
i3v0gd2,9,2,high
i3v0jc1,9,5,high
i3v0lfd,9,2,high
i3v0qbf,9,2,high
i3v0qbf,9,4,high
i3v0rxf,9,5,high
i3v0s64,9,5,high
i3v0ttu,9,1,high
i3v0vl9,9,1,high
i3v0wet,9,2,high
i3v14sp,9,2,high
i3v1fwx,9,4,high
i3v1gu7,9,3,medium
i3v1koh,9,2,high
i3v1sop,9,2,high
i3v212h,9,4,medium
i3v2c1q,9,2,high
i3v2c1q,9,4,high
i3v2dvg,9,2,high
i3v2h62,9,2,high
i3v2sjj,9,2,high
i3v2w34,9,2,high
i3v36l6,9,2,high
i3v3nik,9,1,high
i3v45jk,9,5,high
i3v461r,9,1,high
i3v46yt,9,2,high
i3v49ll,9,1,medium
i3v4dm8,9,2,high
i3v4dnt,9,2,high
i3v4jn2,9,2,high
i3v4kxb,9,2,high
i3v4s4s,9,2,high
i3v4zuk,9,2,high
i3v4zuk,9,5,medium
i3v50xi,9,1,high
i3v510k,9,1,high
i3v51qb,9,2,high
i3v592v,9,2,high
i3v592v,9,4,medium
i3v59yz,9,1,high
i3v5ckp,9,4,high
i3v5igj,9,1,medium
i3v5n3k,9,2,high
i3v5oyi,9,2,high
i3v63qf,9,1,high
i3v68ff,9,5,high
i3v6c82,9,1,medium
i3v6kxo,9,2,high
i3v6l8o,9,2,high
i3v6ntk,9,1,high
i3v73ui,9,4,high
i3v744h,9,3,high
i3v76yg,9,4,medium
i3v7c26,9,1,high
i3v7j0f,9,5,high
i3v7m8v,9,2,high
i3v7o9c,9,1,high
i3v7qnn,9,2,high
i3v86p7,9,2,high
i3v8a1i,9,2,high
i3v8ih9,9,2,high
i3v8j1b,9,2,high
i3v8k5i,9,1,high
i3v8k5i,9,2,high
i3v8qcu,9,1,high
i3v8vyl,9,1,high
i3v8yx0,9,5,high
i3v97eb,9,5,high
i3v98n1,9,1,high
i3v9a3s,9,2,high
i3v9ix6,9,1,high
i3v9k4g,9,1,high
i3v9mwn,9,2,high
i3v9p26,9,1,medium
i3v9p26,9,4,high
i3v9qo6,9,2,high
i3v9qyo,9,2,high
i3v9ua0,9,2,high
i3vadlc,9,2,high
i3vadux,9,2,high
i3vam7v,9,1,high
i3vaq99,9,3,high
i3var66,9,2,high
i3vatzd,9,2,high
i3vawe6,9,2,high
i3vawe6,9,5,high
i3vb202,9,2,high
i3vbhwg,9,4,high
i3vbhy4,9,4,high
i3vbl08,9,5,high
i3vbnhf,9,5,high
i3vbpqp,9,2,high
i3vbtnx,9,1,high
i3vc03y,9,1,medium
i3vc0ja,9,1,high
i3vc16k,9,2,high
i3vce7u,9,2,high
i3vchbv,9,5,high
i3vclyp,9,2,high
i3vcozj,9,2,high
i3vcrnd,9,4,high
i3vd3rj,9,2,high
i3vd9g2,9,2,high
i3vdf6r,9,2,high
i3vdjwn,9,3,high
i3vdsns,9,2,high
i3vdzm2,9,2,high
i3ve63o,9,4,high
i3vems6,9,1,high
i3vew3o,9,2,high
i3vf5yh,9,2,high
i3vfeer,9,2,high
i3vfjx7,9,2,high
i3vfkrq,9,1,high
i3vfm0n,9,2,high
i3vfvew,9,2,high
i3vfzyn,9,2,high
i3vg41t,9,1,high
i3vg9la,9,2,high
i3vgsqb,9,4,medium
i3vgufm,9,1,high
i3vgugj,9,2,high
i3vh85z,9,2,high
i3vilfd,9,1,high
i3viq1i,9,1,medium
i3vitq5,9,1,high
i3vix50,9,2,high
i3vj7bd,9,2,high
i3vjf02,9,2,high
i3vjj33,9,2,high
i3vlu26,9,2,high
i3vmij6,9,2,high
i3vmjjw,9,2,high
i3vmlaa,9,2,high
i3vmosu,9,2,high
i3vn1l8,9,3,high
i3vo7ad,9,2,high
i3vo85p,9,2,high
i3vocmr,9,2,high
i3vonls,9,2,high
i3vp0f3,9,2,high
i3vq50o,9,2,high
i3vq50o,9,4,high
i3vq7fw,9,4,high
i3vq7fw,9,1,high
i3vqxsd,9,2,high
i3vr6qk,9,2,high
i3vrcep,9,1,high
i3vrij1,9,2,high
i3vro0z,9,2,high
i3vsjkl,9,1,high
i3vsmrn,9,2,high
i3vsrn0,9,3,high
i3vtmlv,9,2,high
i3vuazj,9,3,high
i3vvtf9,9,2,high
i3vvw2r,9,4,high
i3vw4kd,9,2,high
i3vw4kd,9,4,high
i3vw4kd,9,5,high
i3vwks1,9,2,high
i3vx5rf,9,2,high
i3vxbqn,9,5,high
i3vxiz7,9,2,high
i3vxjpz,9,2,medium
i3vyqv0,9,4,medium
i3vys1d,9,2,high
i3vz2e0,9,2,high
i3vzs6q,9,2,high
i3w0f4v,9,3,high
i3w1n3s,9,3,medium
i3w1n9j,9,4,high
i3w1s3t,9,2,high
i3w1tpx,9,2,high
i3w2ax0,9,2,high
i3w2eg7,9,2,high
i3w2etk,9,2,high
i3w2fb4,9,2,high
i3w2miz,9,1,high
i3w39df,9,2,high
i3w3tq0,9,2,high
i3w3wog,9,2,high
i3w3wog,9,5,high
i3w4tny,9,2,high
i3w4z2b,9,1,high
i3w550z,9,1,high
i3w58nh,9,1,high
i3w5rhe,9,1,high
i3w5uci,9,2,high
i3w5wo6,9,5,high
i3w5wu5,9,1,high
i3w5yhd,9,2,high
i3w60hh,9,2,high
i3w657q,9,1,high
i3w6jjh,9,2,high
i3w6pwm,9,5,high
i3w6znn,9,5,high
i3w73v3,9,2,high
i3w75gw,9,2,high
i3w7sh8,9,5,high
i3w7t4v,9,4,high
i3w82qh,9,5,high
i3w84p6,9,1,high
i3w86kc,9,2,high
i3w8dql,9,1,high
i3w8l4e,9,2,high
i3w8san,9,5,high
i3w9awn,9,2,high
i3wagb2,9,2,high
i3wb4gg,9,2,high
i3wb9ni,9,2,high
i3wbbcd,9,2,high
i3wbez7,9,2,high
i3wbez7,9,4,medium
i3wbp3s,9,3,high
i3wbrrn,9,3,high
i3wbw3k,9,2,high
i3wc1ok,9,2,high
i3wc7q2,9,2,high
i3wcazl,9,2,high
i3wchqw,9,2,high
i3wdh34,9,1,high
i3wdy40,9,2,high
i3we0et,9,2,high
i3we8ca,9,2,high
i3wf0jo,9,2,high
i3wf4sp,9,2,high
i3wfioh,9,2,high
i3wfjbb,9,2,high
i3wfpyp,9,2,high
i3wgkhz,9,1,high
i3wgkhz,9,2,high
i3wh3zb,9,1,high
i3wh3zb,9,5,medium
i3whrkl,9,5,high
i3whwgh,9,2,high
i3wi444,9,2,high
i3wi80v,9,3,high
i3wisw5,9,1,high
i3wiul2,9,1,high
i3wivay,9,1,high
i3wjm7w,9,2,high
i3wjo6l,9,1,high
i3wk1wo,9,4,medium
i3wk34l,9,1,high
i3wl1tx,9,2,high
i3wlij3,9,2,high
i3wlpgg,9,5,high
i3wm80g,9,2,high
i3wmfrr,9,4,medium
i3wmlez,9,3,high
i3wmmi5,9,2,high
i3wmnja,9,4,high
i3wnh4b,9,2,high
i3wo86w,9,1,high
i3wohbd,9,2,high
i3wp06h,9,1,high
i3wq9m9,9,2,high
i3wqhfw,9,4,medium
i3wqqps,9,2,high
i3wqy6k,9,2,high
i3wr5dd,9,1,high
i3wrsp9,9,2,high
i3wrvl4,9,1,high
i3wsfyp,9,2,high
i3wt35e,9,5,high
i3wt8sj,9,1,high
i3wtg1u,9,2,high
i3wtthl,9,4,high
i3wtuvs,9,3,high
i3wundk,9,5,high
i3wuqbi,9,2,high
i3wv8fi,9,5,medium
i3wvbt7,9,2,high
i3wvxjp,9,1,high
i3wwj64,9,2,high
i3wwszp,9,2,high
i3wxsq9,9,2,high
i3wypk6,9,5,high
i3wz7fy,9,1,high
i3x08xu,9,5,high
i3x12tx,9,2,high
i3x15f0,9,2,high
i3x1ljt,9,2,high
i3x1pf8,9,2,high
i3x2i2s,9,5,high
i3x3ghx,9,2,high
i3x442f,9,2,high
i3x442f,9,4,high
i3x5hvn,9,4,high
i3x6eqe,9,2,high
i3x6ux2,9,2,high
i3x70ix,9,5,high
i3x729r,9,2,high
i3x75y9,9,4,medium
i3x7lec,9,3,high
i3x94qd,9,2,high
i3x9cf4,9,2,high
i3x9tpe,9,1,high
i3x9xga,9,2,high
i3xacl2,9,1,high
i3xats6,9,2,high
i3xbt7n,9,1,high
i3xbzrc,9,5,high
i3xc5i5,9,2,high
i3xcbuh,9,5,high
i3xceuv,9,1,medium
i3xdegv,9,2,high
i3xdu8v,9,5,high
i3xdvxl,9,2,high
i3xekqy,9,1,high
i3xh3fw,9,2,high
i3xhmm5,9,2,high
i3xhtf8,9,1,high
i3xijws,9,1,high
i3xjmon,9,2,high
i3xjof5,9,4,medium
i3xk1rn,9,2,high
i3xk41e,9,2,high
i3xkn4v,9,1,high
i3xl2fb,9,5,medium
i3xl36g,9,2,high
i3xo2hd,9,5,high
i3xo5kr,9,4,high
i3xox1a,9,2,high
i3xpxii,9,1,high
i3xqn53,9,2,high
i3xqu84,9,1,high
i3xr8c0,9,2,high
i3xs580,9,2,high
i3xs5gw,9,4,high
i3xsi5e,9,2,high
i3xukji,9,1,high
i3xukji,9,2,high
i3xvej5,9,1,high
i3xwfc0,9,2,high
i3xwh4i,9,2,high
i3xxd64,9,5,medium
i3xxr3d,9,2,high
i3xy654,9,2,high
i3xz8bz,9,2,high
i3xzk4p,9,2,high
i3xzkqo,9,2,high
i3xzn7a,9,2,high
i3y1m35,9,4,high
i3y58ml,9,1,high
i3y5pq4,9,1,medium
i3y7f2r,9,2,high
i3y7oig,9,2,high
i3y7w08,9,2,high
i3y8kio,9,2,high
i3y98qu,9,2,high
i3y98qu,9,5,medium
i3y9nli,9,2,high
i3y9q2e,9,1,high
i3yb1m8,9,2,high
i3yc2zs,9,3,high
i3yc6y8,9,2,high
i3yckup,9,2,high
i3ydocs,9,1,high
i3ydsjz,9,2,high
i3yee2s,9,1,high
i3yejkf,9,1,high
i3yf17v,9,2,high
i3yfjpu,9,4,high
i3yglz5,9,2,high
i3ygwmv,9,5,medium
i3yh8iu,9,4,high
i3yhtny,9,5,high
i3yi5x9,9,1,medium
i3yi87f,9,1,high
i3yixeb,9,1,high
i3yk8wp,9,2,high
i3ykfid,9,4,high
i3ykpte,9,2,high
i3ym7kl,9,2,high
i3ym7kl,9,5,high
i3ypznn,9,2,high
i3yqmp6,9,4,medium
i3ytdxq,9,2,high
i3ythzz,9,2,high
i3yumw3,9,2,high
i3yuxvx,9,2,high
i3yvx3e,9,5,high
i3yw5iy,9,2,high
i3ywle2,9,2,high
i3yx726,9,2,high
i3yy5nx,9,2,high
i3yyrac,9,2,high
i3yz2gh,9,2,high
i3yz2vt,9,5,high
i3yzq2u,9,2,high
i3yzu0w,9,3,medium
i3z0dhd,9,2,high
i3z0lr2,9,2,high
i3z0p3q,9,3,high
i3z0p3q,9,2,high
i3z1722,9,1,high
i3z1722,9,2,high
i3z19d3,9,2,high
i3z1ri5,9,2,high
i3z1ri5,9,4,medium
i3z2ftr,9,5,high
i3z2xmh,9,1,high
i3z309f,9,2,high
i3z33zc,9,5,medium
i3z3h5e,9,1,high
i3z3l9k,9,2,high
i3z3m7z,9,1,high
i3z3r2e,9,2,high
i3z3r2e,9,5,medium
i3z3r7k,9,1,high
i3z484y,9,1,high
i3z4nnx,9,5,high
i3z4pca,9,2,high
i3z5t2b,9,4,medium
i3z62qd,9,5,high
i3z6aj1,9,3,high
i3z6n7p,9,1,high
i3z6oev,9,4,high
i3z6tfz,9,2,high
i3z7129,9,1,high
i3z728i,9,5,high
i3z7frq,9,2,high
i3z7qya,9,2,high
i3z8f5m,9,2,high
i3z8qu4,9,2,high
i3z8w66,9,2,high
i3z92ti,9,2,high
i3z9b4i,9,2,high
i3z9dq7,9,5,high
i3z9ld0,9,3,medium
i3zao9j,9,5,high
i3zb4j6,9,2,high
i3zc1v5,9,3,high
i3zc88g,9,1,high
i3zcyh7,9,3,high
i3ze24u,9,2,high
i3ze6fe,9,1,high
i3zer3n,9,2,high
i3zf7pa,9,1,high
i3zf9v0,9,5,medium
i3zfbyw,9,5,high
i3zfm05,9,2,high
i3zg3s2,9,3,high
i3zh734,9,2,high
i3zh9s3,9,2,high
i3zhtsz,9,3,medium
i3zj3as,9,2,high
i3zkgiq,9,2,high
i3zlt95,9,1,high
i3zm47a,9,2,high
i3zmj6y,9,2,high
i3zmwzu,9,2,high
i3zp5er,9,2,high
i3zpnhj,9,1,high
i3zq0yn,9,1,high
i3zq9ih,9,4,medium
i3zr6uy,9,3,high
i3zr9hc,9,1,high
i3zs0kr,9,5,high
i3zslov,9,1,high
i3zsuh6,9,2,high
i3zsvk2,9,2,high
i3zu8ks,9,5,high
i3zv6xm,9,2,high
i3zvg24,9,1,high
i3zvvcy,9,2,high
i3zvx7q,9,5,high
i3zwkme,9,2,high
i3zwvmq,9,1,medium
i3zx21n,9,1,high
i3zxcct,9,2,high
i3zxlqa,9,2,medium
i3zy0v3,9,2,high
i3zy48o,9,5,high
i3zyhao,9,2,high
i3zyhm9,9,2,high
i3zyhm9,9,3,high
i3zzh51,9,2,high
i400joo,9,2,high
i401f5k,9,2,high
i401j20,9,2,high
i401qba,9,2,high
i40270t,9,2,high
i4035gu,9,2,high
i404dmn,9,4,high
i404mtf,9,2,high
i4053nd,9,1,high
i405dgf,9,2,high
i4066oo,9,2,high
i406y7j,9,2,high
i407pgu,9,1,high
i407pgu,9,2,high
i407pgu,9,3,high
i40a26f,9,2,high
i40abkj,9,2,high
i40b081,9,1,high
i40ccq1,9,5,medium
i40dgty,9,1,high
i40difp,9,2,high
i40dp5b,9,1,high
i40dw1w,9,2,high
i40e3q0,9,1,high
i40ea1f,9,2,high
i40eq3f,9,5,high
i40fj3b,9,2,high
i40g845,9,4,high
i40gds4,9,5,medium
i40hg28,9,2,high
i40hrxi,9,2,high
i40hrxi,9,1,high
i40hv3r,9,5,high
i40i4sf,9,2,high
i40iacw,9,1,medium
i40id2f,9,2,high
i40ier4,9,2,high
i40in24,9,2,high
i40k9x3,9,5,medium
i40lr2w,9,1,high
i40lw5o,9,3,medium
i40mc2i,9,2,high
i40mkte,9,1,high
i40mpm0,9,1,medium
i40nanc,9,2,high
i40oy8t,9,1,high
i40phl4,9,2,high
i40pv0r,9,4,high
i40rohq,9,5,high
i40rrz2,9,2,high
i40s7uj,9,2,high
i40vk13,9,2,high
i40ygo8,9,2,high
i40zclo,9,1,high
i411y7u,9,2,high
i412x4i,9,2,high
i4137bm,9,1,high
i413wrh,9,2,high
i41b96e,9,2,high
i41cvqa,9,1,high
i41du84,9,1,high
i41ed92,9,2,high
i41ed92,9,5,medium
i41ei42,9,1,high
i41erzq,9,2,high
i41fq3u,9,2,high
i41ih7o,9,2,high
i41k210,9,1,high
i41k9u8,9,2,high
i41losn,9,1,high
i41lunq,9,2,high
i41n923,9,2,high
i41negy,9,2,high
i41vrma,9,2,high
i41wq8g,9,2,high
i41wzg6,9,2,high
i41xcw4,9,2,high
i41xk38,9,5,high
i41zcn2,9,2,high
i41zdse,9,1,high
i422161,9,2,high
i4240nd,9,2,high
i4246nu,9,5,high
i42572t,9,2,high
i4268f0,9,3,high
i427gyz,9,2,high
i42827t,9,2,high
i429k2x,9,1,high
i429ykj,9,2,high
i42aatr,9,1,high
i42h343,9,2,high
i42hh33,9,2,high
i42hw85,9,2,high
i42hzao,9,2,high
i42jkse,9,4,medium
i42m7wu,9,4,medium
i42nr78,9,1,high
i42onjf,9,2,high
i42opw3,9,2,high
i42opw3,9,1,medium
i42scny,9,1,high
i42vuny,9,1,high
i42x6km,9,2,high
i432qu1,9,2,high
i433ll5,9,2,high
i439458,9,1,medium
i43g51c,9,5,high
i43gp50,9,1,high
i43gygk,9,2,high
i43j07b,9,2,high
i43jp5m,9,2,high
i43lfhe,9,2,high
i43n2af,9,2,high
i43os18,9,4,medium
i43pcri,9,2,high
i43pswk,9,5,high
i43q6f5,9,2,high
i43su3r,9,2,high
i43su3r,9,1,high
i43ts0m,9,2,high
i43una0,9,2,high
i43uv5w,9,2,high
i440tvn,9,2,high
i441w7c,9,2,high
i442jw6,9,2,high
i443nm3,9,2,high
i445bgf,9,2,high
i445fqr,9,1,high
i44a17n,9,2,high
i44c9d4,9,2,high
i44cbjv,9,2,high
i44cu2m,9,1,high
i44gw87,9,1,high
i44j99i,9,3,medium
i44jf6r,9,2,high
i44lrqz,9,4,high
i44nhuz,9,2,high
i44nj26,9,1,medium
i44pzdw,9,3,medium
i44qw13,9,2,high
i44sesh,9,1,medium
i44sjdc,9,2,high
i44sjdc,9,1,high
i44sxou,9,4,high
i44ti47,9,2,high
i44u53q,9,4,high
i44u9wt,9,2,high
i44uvbw,9,2,high
i44z2ck,9,1,high
i451mwt,9,1,high
i453d6t,9,2,high
i456qy8,9,2,high
i45706k,9,3,medium
i4584tl,9,2,high
i4584tl,9,3,medium
i45b0gb,9,2,high
i45cval,9,2,high
i45ecp2,9,5,high
i45ja0s,9,2,high
i45n629,9,2,high
i45n629,9,5,high
i45rdsr,9,3,medium
i45tmgg,9,1,high
i45v9zk,9,5,high
i46hzea,9,2,high
i46jka1,9,1,high
i46lz5m,9,2,high
i46ohk2,9,2,high
i46qxpa,9,2,high
i474jvj,9,2,high
i479frw,9,1,medium
i47bf7j,9,2,high
i47tvh6,9,1,high
i4818jh,9,2,high
i487nl3,9,2,high
i48g0og,9,1,high
i48ivvr,9,1,high
i48kghi,9,2,high
i48myyu,9,2,high
i48r014,9,1,high
i48t0em,9,3,high
i48uz13,9,2,medium
i48vjm9,9,2,high
i48vuiz,9,1,high
i48w55s,9,1,high
i491j7m,9,1,high
i49bd2y,9,1,high
i49hn88,9,2,high
i49mry1,9,2,high
i49op9b,9,1,high
i49xnw8,9,5,medium
i49zec3,9,4,high
i4a3bdw,9,2,high
i4a3sjb,9,2,high
i4aftrp,9,1,high
i4ag3l6,9,2,high
i4agr35,9,1,high
i4as9v8,9,4,medium
i4ayxnm,9,1,high
i4c3pgg,9,2,high
i4c3pgg,9,4,medium
i4c5f2d,9,2,high
i4cjrgq,9,2,high
i4d0vpd,9,3,high
i4d0xte,9,5,medium
i4dcnum,9,2,high
i4dgf0h,9,2,high
i4do2tq,9,2,high
i4dqb8d,9,2,high
i4dqti2,9,4,medium
i4eequj,9,2,high
i4egmj9,9,4,high
i4etxpp,9,2,high
i4f2e1q,9,1,medium
i4f7bsr,9,2,high
i4fi68o,9,1,high
i4g8hx7,9,1,medium
i4g9l5l,9,5,high
i4gat9i,9,2,high
i4hgq2l,9,2,high
i4hibay,9,1,medium
i4hov5i,9,2,high
i4ic5mi,9,1,high
i4ihdsg,9,1,high
i4irgeu,9,2,high
i4isz7e,9,1,high
i4j7psm,9,2,high
i4jl6bp,9,2,high
i4jnz3n,9,1,medium
i4k0kvp,9,1,high
i4k12hs,9,2,high
i4k143r,9,1,high
i4kc2w3,9,2,high
i4l2tl9,9,2,high
i4lsx22,9,4,high
i4ltp1u,9,5,high
i4md6b4,9,2,high
i4mve14,9,2,high
i4njcbd,9,1,high
i4ns070,9,2,high
i4o0kpp,9,1,high
i4o7kja,9,1,high
i4oblem,9,1,medium
i4pjbvt,9,5,high
i4q7y4r,9,4,high
i4r2tg6,9,1,high
i4s72p4,9,1,medium
i4s73h4,9,1,high
i4skt7c,9,1,high
i4ukpbd,9,4,medium
i4uls1z,9,5,high
i4um0e5,9,5,high
i4vl4d8,9,5,high
i4x58fs,9,5,high
i4xbbov,9,2,high
i4y2aar,9,2,high
i4y31h2,9,2,high
i4y4uep,9,3,high
i507c00,9,5,high
i51gug0,9,2,high
i51rlay,9,2,high
i53kkmd,9,4,medium
i53kuhr,9,4,medium
i53rlm7,9,4,high
i55m4pm,9,2,high
i55wsik,9,2,high
i5697xr,9,1,high
i56conz,9,1,high
i56oo9z,9,2,high
i571n69,9,2,high
i57ntku,9,2,high
i586dqn,9,2,high
i58if3i,9,2,high
i58sg47,9,3,medium
i590h5e,9,5,medium
i592wgg,9,5,high
i593uyl,9,2,high
i5977b3,9,1,high
i5a9afp,9,2,high
i5aj8ir,9,2,high
i5ay14l,9,1,high
i5cn1t3,9,1,medium
i5corg1,9,1,high
i5cpbns,9,1,high
i5crhjd,9,2,high
i5cshts,9,2,high
i5dhys9,9,2,high
i5du0ep,9,2,high
i5g2w1t,9,2,high
i5g4mvb,9,2,high
i5g6qo6,9,5,high
i5hih69,9,2,high
i5iqyqz,9,2,medium
i5is98d,9,1,high
i5k9635,9,2,high
i5mp8tl,9,1,high
i5npr86,9,5,high
i5rtsj1,9,2,high
i5rxqu4,9,2,high
i5s8c2l,9,5,high
i5s8qpw,9,2,high
i5ukfi4,9,5,high
i5ukpeo,9,5,high
i5wwcdr,9,2,high
i60loap,9,4,medium
i61324u,9,2,high
i617xo1,9,2,high
i64lqam,9,2,high
i66sqe5,9,2,high
i67qgcb,9,1,high
i68ovm3,9,2,high
i6a1tlr,9,1,medium
i6atn2h,9,5,high
i6chsve,9,2,high
i6cqrfc,9,2,high
i6dak0g,9,4,high
i6i7aaw,9,2,high
i6iwk2j,9,2,high
i6jhhf1,9,5,high
i6l48zk,9,1,high
i6l48zk,9,2,high
i6m4iu0,9,2,high
i6mf9s9,9,1,high
i6mkik9,9,5,high
i6oiaw2,9,1,high
i6py7yy,9,2,high
i6rp89v,9,5,medium
i6rrgrc,9,5,high
i6sl94z,9,1,high
i6t9j2d,9,2,high
i6ujft1,9,1,high
i6ve70a,9,2,high
i6vg0es,9,1,high
i6vhl68,9,5,high
i6xjump,9,2,high
i6zc38m,9,5,high
i71mzmp,9,2,high
i71njdi,9,2,high
i774twc,9,2,high
i7dxaa5,9,1,high
i7e0ygn,9,5,high
i7eqyb6,9,1,high
i7hxktt,9,1,high
i7n9op6,9,1,high
i7qgctk,9,5,medium
i7qvrd8,9,2,high
i7w3jc6,9,2,high
i82w0fy,9,1,medium
i8jx1i7,9,2,high
i8lazwp,9,2,high
i8nm49a,9,2,high
i8qtt8l,9,2,high
i8smzeo,9,2,high
i9ei8f1,9,2,high
i9r6r74,9,2,high
i9shn1m,9,4,medium
i9shn1m,9,1,medium
i9si3ek,9,5,high
ia74vhv,9,4,high
ia7fvo8,9,4,medium
iag7674,9,1,medium
iag85j2,9,2,high
iao5m2s,9,3,medium
iaua2ss,9,2,high
iav4tv0,9,2,high
iav6jz6,9,2,high
iav6jz6,9,5,high
iavb7aj,9,1,high
iavbrrr,9,5,high
iavekq5,9,1,high
iavekq5,9,2,high
iavekq5,9,3,high
iavi4gn,9,5,high
ibn58zr,9,3,high
ibvoh23,9,2,high
ic1732t,9,2,high
ic1732t,9,4,medium
ic62hr4,9,2,high
ic7cksl,9,1,high
ic86lcl,9,1,high
ic86lcl,9,2,high
ic86lcl,9,4,high
icf6uz3,9,2,high
icr6lrh,9,1,high
icsa0vl,9,4,high
icuj6bw,9,2,high
id3pij6,9,1,high
id3pij6,9,2,high
id82jcm,9,2,high
idebxcs,9,2,high
idgdno9,9,1,high
idhvjln,9,2,high
ie80vhh,9,2,high
iejn893,9,2,high
iejs8co,9,1,high
iejshay,9,2,high
iejswbz,9,5,high
ifauw7r,9,1,high
ifco20p,9,2,high
ig2i40v,9,2,high
ighpqu9,9,2,high
iglkzxv,9,5,high
igll5o1,9,2,high
igu6mc3,9,2,high
iibdd9t,9,2,high
iizv2se,9,1,high
ilty9p7,9,2,high
imtzztu,9,2,high
iot57h6,9,2,high
ip46jj2,9,2,high
ir72udh,9,2,high
ir96z7r,9,1,high
irlioej,9,1,medium
irtvuvc,9,1,high
iruliwu,9,4,high
is7fx8h,9,3,high
iscfkne,9,2,high
itoqxia,9,5,high
iu9ns10,9,2,high
iugss2a,9,1,high
iugss2a,9,2,high
iugtkzq,9,2,high
ivkwclx,9,2,high
iwszagl,9,1,high
iya8iy1,9,2,high
j0farsd,9,1,high
j2eysir,9,2,high
j2ez0ce,9,2,high
